[    1916ms] [WARNING] Failed to decode downloaded font: https://pollyfills.api.intuit.com/font/6de4baf41d47a25e2122afa4923b57f07f9e23bad30e0dea652ebcbf6ffbbb66.woff @ https://login.mailchimp.com/:404
[    1916ms] [WARNING] OTS parsing error: maxp: Bad maxZones: 0
cmap: No subtables in cmap!
cmap: Failed to parse table @ https://login.mailchimp.com/:404
[    4062ms] [WARNING] Failed to decode downloaded font: https://pollyfills.api.intuit.com/font/6de4baf41d47a25e2122afa4923b57f07f9e23bad30e0dea652ebcbf6ffbbb66.woff @ https://cdn.cookielaw.org/scripttemplates/202601.2.0/otBannerSdk.js:6
[    4062ms] [WARNING] OTS parsing error: maxp: Bad maxZones: 0
cmap: No subtables in cmap!
cmap: Failed to parse table @ https://cdn.cookielaw.org/scripttemplates/202601.2.0/otBannerSdk.js:6
[    8763ms] [WARNING] The resource https://mailchimp.com/cdn/product/release/dist/js-src/61569.355ee6546a900c49.js was preloaded using link preload but not used within a few seconds from the window's load event. Please make sure it has an appropriate `as` value and it is preloaded intentionally. @ https://login.mailchimp.com/preload/:0
[    8763ms] [WARNING] The resource https://mailchimp.com/cdn/product/release/dist/js-src/75653.578929a566641cae.css was preloaded using link preload but not used within a few seconds from the window's load event. Please make sure it has an appropriate `as` value and it is preloaded intentionally. @ https://login.mailchimp.com/preload/:0
[    8763ms] [WARNING] The resource https://mailchimp.com/cdn/product/release/dist/js-src/75717.30be9df1b07c34e4.js was preloaded using link preload but not used within a few seconds from the window's load event. Please make sure it has an appropriate `as` value and it is preloaded intentionally. @ https://login.mailchimp.com/preload/:0
[    8763ms] [WARNING] The resource https://mailchimp.com/cdn/product/release/dist/js-src/38711.aec296ae40b96aaa.js was preloaded using link preload but not used within a few seconds from the window's load event. Please make sure it has an appropriate `as` value and it is preloaded intentionally. @ https://login.mailchimp.com/preload/:0
[    8763ms] [WARNING] The resource https://mailchimp.com/cdn/product/release/dist/js-src/92058.4b8afa023fd0f4a4.js was preloaded using link preload but not used within a few seconds from the window's load event. Please make sure it has an appropriate `as` value and it is preloaded intentionally. @ https://login.mailchimp.com/preload/:0
[    8763ms] [WARNING] The resource https://mailchimp.com/cdn/product/release/dist/js-src/74077.284fada9aa21cd6b.css was preloaded using link preload but not used within a few seconds from the window's load event. Please make sure it has an appropriate `as` value and it is preloaded intentionally. @ https://login.mailchimp.com/preload/:0
[    8763ms] [WARNING] The resource https://mailchimp.com/cdn/product/release/dist/js-src/67873.262d0698c4fd0226.js was preloaded using link preload but not used within a few seconds from the window's load event. Please make sure it has an appropriate `as` value and it is preloaded intentionally. @ https://login.mailchimp.com/preload/:0
[    8763ms] [WARNING] The resource https://mailchimp.com/cdn/product/release/dist/js-src/71141.7d5e0557e4211e0c.js was preloaded using link preload but not used within a few seconds from the window's load event. Please make sure it has an appropriate `as` value and it is preloaded intentionally. @ https://login.mailchimp.com/preload/:0
[    8764ms] [WARNING] The resource https://mailchimp.com/cdn/product/release/dist/js-src/76803.74a1a5c35ce74182.js was preloaded using link preload but not used within a few seconds from the window's load event. Please make sure it has an appropriate `as` value and it is preloaded intentionally. @ https://login.mailchimp.com/preload/:0
[    8764ms] [WARNING] The resource https://mailchimp.com/cdn/product/release/dist/js-src/80907.517f5aeae2af2411.js was preloaded using link preload but not used within a few seconds from the window's load event. Please make sure it has an appropriate `as` value and it is preloaded intentionally. @ https://login.mailchimp.com/preload/:0
[    8764ms] [WARNING] The resource https://mailchimp.com/cdn/product/release/dist/js-src/mainAsync.6ef0f10181cea601.js was preloaded using link preload but not used within a few seconds from the window's load event. Please make sure it has an appropriate `as` value and it is preloaded intentionally. @ https://login.mailchimp.com/preload/:0
[    8764ms] [WARNING] The resource https://mailchimp.com/cdn/product/release/dist/js-src/4005.cd5dea96f6a63a7f.js was preloaded using link preload but not used within a few seconds from the window's load event. Please make sure it has an appropriate `as` value and it is preloaded intentionally. @ https://login.mailchimp.com/preload/:0
[    8764ms] [WARNING] The resource https://mailchimp.com/cdn/product/release/dist/js-src/webpack-runtime.2a73bd19a1f9f1e2.js was preloaded using link preload but not used within a few seconds from the window's load event. Please make sure it has an appropriate `as` value and it is preloaded intentionally. @ https://login.mailchimp.com/preload/:0
[    8764ms] [WARNING] The resource https://mailchimp.com/cdn/product/release/dist/js-src/86027.629e04ab930287fe.js was preloaded using link preload but not used within a few seconds from the window's load event. Please make sure it has an appropriate `as` value and it is preloaded intentionally. @ https://login.mailchimp.com/preload/:0
[    8764ms] [WARNING] The resource https://mailchimp.com/cdn/product/release/dist/js-src/vendor.6fa9bc155d41b036.css was preloaded using link preload but not used within a few seconds from the window's load event. Please make sure it has an appropriate `as` value and it is preloaded intentionally. @ https://login.mailchimp.com/preload/:0
[    8764ms] [WARNING] The resource https://mailchimp.com/cdn/product/release/dist/js-src/main.1affa768eaee4708.css was preloaded using link preload but not used within a few seconds from the window's load event. Please make sure it has an appropriate `as` value and it is preloaded intentionally. @ https://login.mailchimp.com/preload/:0
[    8764ms] [WARNING] The resource https://mailchimp.com/cdn/product/release/dist/js-src/26223.588277cb7018cfcd.js was preloaded using link preload but not used within a few seconds from the window's load event. Please make sure it has an appropriate `as` value and it is preloaded intentionally. @ https://login.mailchimp.com/preload/:0
[    8764ms] [WARNING] The resource https://mailchimp.com/cdn/product/release/dist/js-src/17528.521b06b31a7b4b1c.js was preloaded using link preload but not used within a few seconds from the window's load event. Please make sure it has an appropriate `as` value and it is preloaded intentionally. @ https://login.mailchimp.com/preload/:0
[    8764ms] [WARNING] The resource https://mailchimp.com/cdn/product/release/dist/js-src/87009.fae9e2c05d077293.js was preloaded using link preload but not used within a few seconds from the window's load event. Please make sure it has an appropriate `as` value and it is preloaded intentionally. @ https://login.mailchimp.com/preload/:0
[    8764ms] [WARNING] The resource https://mailchimp.com/cdn/product/release/dist/js-src/72.6888c45c30d919e2.js was preloaded using link preload but not used within a few seconds from the window's load event. Please make sure it has an appropriate `as` value and it is preloaded intentionally. @ https://login.mailchimp.com/preload/:0
[    8764ms] [WARNING] The resource https://mailchimp.com/cdn/product/release/dist/js-src/vendor.765db2c8cdf1f969.js was preloaded using link preload but not used within a few seconds from the window's load event. Please make sure it has an appropriate `as` value and it is preloaded intentionally. @ https://login.mailchimp.com/preload/:0
[    8764ms] [WARNING] The resource https://mailchimp.com/cdn/product/release/dist/js-src/74077.f16f3d0d1cea4c8f.js was preloaded using link preload but not used within a few seconds from the window's load event. Please make sure it has an appropriate `as` value and it is preloaded intentionally. @ https://login.mailchimp.com/preload/:0
[    8764ms] [WARNING] The resource https://mailchimp.com/cdn/product/release/dist/js-src/87240.a84202eeed1222d2.js was preloaded using link preload but not used within a few seconds from the window's load event. Please make sure it has an appropriate `as` value and it is preloaded intentionally. @ https://login.mailchimp.com/preload/:0
[    8764ms] [WARNING] The resource https://mailchimp.com/cdn/product/release/dist/js-src/14890.65cd7488b380a230.js was preloaded using link preload but not used within a few seconds from the window's load event. Please make sure it has an appropriate `as` value and it is preloaded intentionally. @ https://login.mailchimp.com/preload/:0
[    8764ms] [WARNING] The resource https://mailchimp.com/cdn/product/release/dist/js-src/29702.d496bad121893fa2.js was preloaded using link preload but not used within a few seconds from the window's load event. Please make sure it has an appropriate `as` value and it is preloaded intentionally. @ https://login.mailchimp.com/preload/:0
[    8764ms] [WARNING] The resource https://mailchimp.com/cdn/product/release/dist/js-src/64996.7ca4f86896d3be44.js was preloaded using link preload but not used within a few seconds from the window's load event. Please make sure it has an appropriate `as` value and it is preloaded intentionally. @ https://login.mailchimp.com/preload/:0
[    8764ms] [WARNING] The resource https://mailchimp.com/cdn/product/release/dist/js-src/86027.741c993dc9e6b9a0.css was preloaded using link preload but not used within a few seconds from the window's load event. Please make sure it has an appropriate `as` value and it is preloaded intentionally. @ https://login.mailchimp.com/preload/:0
[    8764ms] [WARNING] The resource https://mailchimp.com/cdn/product/release/dist/js-src/25527.1e3ff3aed1e2e213.js was preloaded using link preload but not used within a few seconds from the window's load event. Please make sure it has an appropriate `as` value and it is preloaded intentionally. @ https://login.mailchimp.com/preload/:0
[    8764ms] [WARNING] The resource https://mailchimp.com/cdn/product/release/dist/js-src/20764.a4eeb8b678cc0e0e.js was preloaded using link preload but not used within a few seconds from the window's load event. Please make sure it has an appropriate `as` value and it is preloaded intentionally. @ https://login.mailchimp.com/preload/:0
[    8764ms] [WARNING] The resource https://mailchimp.com/cdn/product/release/dist/js-src/73550.ab2c6c14344a6302.js was preloaded using link preload but not used within a few seconds from the window's load event. Please make sure it has an appropriate `as` value and it is preloaded intentionally. @ https://login.mailchimp.com/preload/:0
[    8764ms] [WARNING] The resource https://mailchimp.com/cdn/product/release/dist/js-src/97805.1d9afe06cbd74da7.js was preloaded using link preload but not used within a few seconds from the window's load event. Please make sure it has an appropriate `as` value and it is preloaded intentionally. @ https://login.mailchimp.com/preload/:0
[    8764ms] [WARNING] The resource https://mailchimp.com/cdn/product/release/dist/js-src/main.a37d12aee9139bb1.js was preloaded using link preload but not used within a few seconds from the window's load event. Please make sure it has an appropriate `as` value and it is preloaded intentionally. @ https://login.mailchimp.com/preload/:0
[    8764ms] [WARNING] The resource https://mailchimp.com/cdn/product/release/dist/js-src/17878.e816e82c518fc347.js was preloaded using link preload but not used within a few seconds from the window's load event. Please make sure it has an appropriate `as` value and it is preloaded intentionally. @ https://login.mailchimp.com/preload/:0
[    8764ms] [WARNING] The resource https://mailchimp.com/cdn/product/release/dist/js-src/26223.3c03989a5d5fb918.css was preloaded using link preload but not used within a few seconds from the window's load event. Please make sure it has an appropriate `as` value and it is preloaded intentionally. @ https://login.mailchimp.com/preload/:0
[   81949ms] [WARNING] Failed to decode downloaded font: https://pollyfills.api.intuit.com/font/6de4baf41d47a25e2122afa4923b57f07f9e23bad30e0dea652ebcbf6ffbbb66.woff @ https://login.mailchimp.com/login/unifiedLoginPost/?referrer=:66
[   81949ms] [WARNING] OTS parsing error: maxp: Bad maxZones: 0
cmap: No subtables in cmap!
cmap: Failed to parse table @ https://login.mailchimp.com/login/unifiedLoginPost/?referrer=:66
[   87022ms] [WARNING] The resource https://mailchimp.com/cdn/product/release/dist/js-src/61569.355ee6546a900c49.js was preloaded using link preload but not used within a few seconds from the window's load event. Please make sure it has an appropriate `as` value and it is preloaded intentionally. @ https://login.mailchimp.com/preload/:0
[   87022ms] [WARNING] The resource https://mailchimp.com/cdn/product/release/dist/js-src/75653.578929a566641cae.css was preloaded using link preload but not used within a few seconds from the window's load event. Please make sure it has an appropriate `as` value and it is preloaded intentionally. @ https://login.mailchimp.com/preload/:0
[   87022ms] [WARNING] The resource https://mailchimp.com/cdn/product/release/dist/js-src/75717.30be9df1b07c34e4.js was preloaded using link preload but not used within a few seconds from the window's load event. Please make sure it has an appropriate `as` value and it is preloaded intentionally. @ https://login.mailchimp.com/preload/:0
[   87022ms] [WARNING] The resource https://mailchimp.com/cdn/product/release/dist/js-src/38711.aec296ae40b96aaa.js was preloaded using link preload but not used within a few seconds from the window's load event. Please make sure it has an appropriate `as` value and it is preloaded intentionally. @ https://login.mailchimp.com/preload/:0
[   87022ms] [WARNING] The resource https://mailchimp.com/cdn/product/release/dist/js-src/92058.4b8afa023fd0f4a4.js was preloaded using link preload but not used within a few seconds from the window's load event. Please make sure it has an appropriate `as` value and it is preloaded intentionally. @ https://login.mailchimp.com/preload/:0
[   87022ms] [WARNING] The resource https://mailchimp.com/cdn/product/release/dist/js-src/74077.284fada9aa21cd6b.css was preloaded using link preload but not used within a few seconds from the window's load event. Please make sure it has an appropriate `as` value and it is preloaded intentionally. @ https://login.mailchimp.com/preload/:0
[   87022ms] [WARNING] The resource https://mailchimp.com/cdn/product/release/dist/js-src/67873.262d0698c4fd0226.js was preloaded using link preload but not used within a few seconds from the window's load event. Please make sure it has an appropriate `as` value and it is preloaded intentionally. @ https://login.mailchimp.com/preload/:0
[   87022ms] [WARNING] The resource https://mailchimp.com/cdn/product/release/dist/js-src/71141.7d5e0557e4211e0c.js was preloaded using link preload but not used within a few seconds from the window's load event. Please make sure it has an appropriate `as` value and it is preloaded intentionally. @ https://login.mailchimp.com/preload/:0
[   87022ms] [WARNING] The resource https://mailchimp.com/cdn/product/release/dist/js-src/76803.74a1a5c35ce74182.js was preloaded using link preload but not used within a few seconds from the window's load event. Please make sure it has an appropriate `as` value and it is preloaded intentionally. @ https://login.mailchimp.com/preload/:0
[   87022ms] [WARNING] The resource https://mailchimp.com/cdn/product/release/dist/js-src/80907.517f5aeae2af2411.js was preloaded using link preload but not used within a few seconds from the window's load event. Please make sure it has an appropriate `as` value and it is preloaded intentionally. @ https://login.mailchimp.com/preload/:0
[   87022ms] [WARNING] The resource https://mailchimp.com/cdn/product/release/dist/js-src/mainAsync.6ef0f10181cea601.js was preloaded using link preload but not used within a few seconds from the window's load event. Please make sure it has an appropriate `as` value and it is preloaded intentionally. @ https://login.mailchimp.com/preload/:0
[   87022ms] [WARNING] The resource https://mailchimp.com/cdn/product/release/dist/js-src/4005.cd5dea96f6a63a7f.js was preloaded using link preload but not used within a few seconds from the window's load event. Please make sure it has an appropriate `as` value and it is preloaded intentionally. @ https://login.mailchimp.com/preload/:0
[   87022ms] [WARNING] The resource https://mailchimp.com/cdn/product/release/dist/js-src/webpack-runtime.2a73bd19a1f9f1e2.js was preloaded using link preload but not used within a few seconds from the window's load event. Please make sure it has an appropriate `as` value and it is preloaded intentionally. @ https://login.mailchimp.com/preload/:0
[   87022ms] [WARNING] The resource https://mailchimp.com/cdn/product/release/dist/js-src/86027.629e04ab930287fe.js was preloaded using link preload but not used within a few seconds from the window's load event. Please make sure it has an appropriate `as` value and it is preloaded intentionally. @ https://login.mailchimp.com/preload/:0
[   87022ms] [WARNING] The resource https://mailchimp.com/cdn/product/release/dist/js-src/vendor.6fa9bc155d41b036.css was preloaded using link preload but not used within a few seconds from the window's load event. Please make sure it has an appropriate `as` value and it is preloaded intentionally. @ https://login.mailchimp.com/preload/:0
[   87022ms] [WARNING] The resource https://mailchimp.com/cdn/product/release/dist/js-src/main.1affa768eaee4708.css was preloaded using link preload but not used within a few seconds from the window's load event. Please make sure it has an appropriate `as` value and it is preloaded intentionally. @ https://login.mailchimp.com/preload/:0
[   87022ms] [WARNING] The resource https://mailchimp.com/cdn/product/release/dist/js-src/26223.588277cb7018cfcd.js was preloaded using link preload but not used within a few seconds from the window's load event. Please make sure it has an appropriate `as` value and it is preloaded intentionally. @ https://login.mailchimp.com/preload/:0
[   87022ms] [WARNING] The resource https://mailchimp.com/cdn/product/release/dist/js-src/17528.521b06b31a7b4b1c.js was preloaded using link preload but not used within a few seconds from the window's load event. Please make sure it has an appropriate `as` value and it is preloaded intentionally. @ https://login.mailchimp.com/preload/:0
[   87022ms] [WARNING] The resource https://mailchimp.com/cdn/product/release/dist/js-src/87009.fae9e2c05d077293.js was preloaded using link preload but not used within a few seconds from the window's load event. Please make sure it has an appropriate `as` value and it is preloaded intentionally. @ https://login.mailchimp.com/preload/:0
[   87022ms] [WARNING] The resource https://mailchimp.com/cdn/product/release/dist/js-src/72.6888c45c30d919e2.js was preloaded using link preload but not used within a few seconds from the window's load event. Please make sure it has an appropriate `as` value and it is preloaded intentionally. @ https://login.mailchimp.com/preload/:0
[   87022ms] [WARNING] The resource https://mailchimp.com/cdn/product/release/dist/js-src/vendor.765db2c8cdf1f969.js was preloaded using link preload but not used within a few seconds from the window's load event. Please make sure it has an appropriate `as` value and it is preloaded intentionally. @ https://login.mailchimp.com/preload/:0
[   87022ms] [WARNING] The resource https://mailchimp.com/cdn/product/release/dist/js-src/74077.f16f3d0d1cea4c8f.js was preloaded using link preload but not used within a few seconds from the window's load event. Please make sure it has an appropriate `as` value and it is preloaded intentionally. @ https://login.mailchimp.com/preload/:0
[   87022ms] [WARNING] The resource https://mailchimp.com/cdn/product/release/dist/js-src/87240.a84202eeed1222d2.js was preloaded using link preload but not used within a few seconds from the window's load event. Please make sure it has an appropriate `as` value and it is preloaded intentionally. @ https://login.mailchimp.com/preload/:0
[   87022ms] [WARNING] The resource https://mailchimp.com/cdn/product/release/dist/js-src/14890.65cd7488b380a230.js was preloaded using link preload but not used within a few seconds from the window's load event. Please make sure it has an appropriate `as` value and it is preloaded intentionally. @ https://login.mailchimp.com/preload/:0
[   87022ms] [WARNING] The resource https://mailchimp.com/cdn/product/release/dist/js-src/29702.d496bad121893fa2.js was preloaded using link preload but not used within a few seconds from the window's load event. Please make sure it has an appropriate `as` value and it is preloaded intentionally. @ https://login.mailchimp.com/preload/:0
[   87022ms] [WARNING] The resource https://mailchimp.com/cdn/product/release/dist/js-src/64996.7ca4f86896d3be44.js was preloaded using link preload but not used within a few seconds from the window's load event. Please make sure it has an appropriate `as` value and it is preloaded intentionally. @ https://login.mailchimp.com/preload/:0
[   87022ms] [WARNING] The resource https://mailchimp.com/cdn/product/release/dist/js-src/86027.741c993dc9e6b9a0.css was preloaded using link preload but not used within a few seconds from the window's load event. Please make sure it has an appropriate `as` value and it is preloaded intentionally. @ https://login.mailchimp.com/preload/:0
[   87022ms] [WARNING] The resource https://mailchimp.com/cdn/product/release/dist/js-src/25527.1e3ff3aed1e2e213.js was preloaded using link preload but not used within a few seconds from the window's load event. Please make sure it has an appropriate `as` value and it is preloaded intentionally. @ https://login.mailchimp.com/preload/:0
[   87022ms] [WARNING] The resource https://mailchimp.com/cdn/product/release/dist/js-src/20764.a4eeb8b678cc0e0e.js was preloaded using link preload but not used within a few seconds from the window's load event. Please make sure it has an appropriate `as` value and it is preloaded intentionally. @ https://login.mailchimp.com/preload/:0
[   87022ms] [WARNING] The resource https://mailchimp.com/cdn/product/release/dist/js-src/73550.ab2c6c14344a6302.js was preloaded using link preload but not used within a few seconds from the window's load event. Please make sure it has an appropriate `as` value and it is preloaded intentionally. @ https://login.mailchimp.com/preload/:0
[   87022ms] [WARNING] The resource https://mailchimp.com/cdn/product/release/dist/js-src/97805.1d9afe06cbd74da7.js was preloaded using link preload but not used within a few seconds from the window's load event. Please make sure it has an appropriate `as` value and it is preloaded intentionally. @ https://login.mailchimp.com/preload/:0
[   87022ms] [WARNING] The resource https://mailchimp.com/cdn/product/release/dist/js-src/main.a37d12aee9139bb1.js was preloaded using link preload but not used within a few seconds from the window's load event. Please make sure it has an appropriate `as` value and it is preloaded intentionally. @ https://login.mailchimp.com/preload/:0
[   87022ms] [WARNING] The resource https://mailchimp.com/cdn/product/release/dist/js-src/17878.e816e82c518fc347.js was preloaded using link preload but not used within a few seconds from the window's load event. Please make sure it has an appropriate `as` value and it is preloaded intentionally. @ https://login.mailchimp.com/preload/:0
[   87022ms] [WARNING] The resource https://mailchimp.com/cdn/product/release/dist/js-src/26223.3c03989a5d5fb918.css was preloaded using link preload but not used within a few seconds from the window's load event. Please make sure it has an appropriate `as` value and it is preloaded intentionally. @ https://login.mailchimp.com/preload/:0
[   99908ms] [ERROR] Failed to load resource: the server responded with a status of 403 () @ https://us10.admin.mailchimp.com/track/log:0
[  103013ms] [LOG] SMS sent successfully {"resend_attempts":1} @ https://us10.admin.mailchimp.com/login/tfa?referrer=%2F&stay-signed-in=N&from=:1024
[  103013ms] [LOG] After SMS screen reset and resend enable {"resend_attempts":1} @ https://us10.admin.mailchimp.com/login/tfa?referrer=%2F&stay-signed-in=N&from=:1024
[  166417ms] [LOG] https://uxfabric.app.intuit.com/v3/appfabric-integration/lib/ipd-integrations-webapp?appfabric_version=5.289.1-apr.3544.b.50 @ https://us10.admin.mailchimp.com/?redirect_id=4I47Ny0Cjy:240
[  167181ms] [LOG] All core plugins started... @ https://plugin.intuitcdn.net/web-shell/5.289.1-apr.3544.b.50/integration/146.js:0
[  167197ms] [LOG] Plugins registered... @ https://plugin.intuitcdn.net/web-shell/5.289.1-apr.3544.b.50/integration/146.js:0
[  167198ms] [LOG] WebEvents: initing_WebEvents
: {"url":"wss://eventinggateway.api.intuit.com/v1/webevents","config":"{\"enabled\":true,\"url\":\"wss://eventinggateway.api.intuit.com/v1/webevents\",\"connectionType\":\"WSS\",\"authType\":\"OAuth2\"}"} @ https://plugin.intuitcdn.net/web-shell/5.289.1-apr.3544.b.50/integration/146.js:0
[  167199ms] [LOG] Application before-ready completed... @ https://plugin.intuitcdn.net/web-shell/5.289.1-apr.3544.b.50/integration/146.js:0
[  167201ms] [LOG] Application ready... @ https://plugin.intuitcdn.net/web-shell/5.289.1-apr.3544.b.50/integration/146.js:0
[  167201ms] [LOG] default delegate action handler  {typeName: webShellEvent.handle, category: webShellEvent, command: handle, payload: Object, context: Object} @ https://plugin.intuitcdn.net/web-shell/5.289.1-apr.3544.b.50/integration/applicationFactory.js:0
[  167223ms] [LOG] Shell - successfully initialized RUM module {msgProps: Object, appProps: null, context: Object, queued: true, flushLogsImmediately: false} @ https://plugin.intuitcdn.net/web-shell/5.289.1-apr.3544.b.50/integration/5198.js:0
[  168325ms] [LOG] Queuing a session check in  1454.4 @ https://mailchimp.com/cdn/product/release/dist/js-src/73550.ab2c6c14344a6302.js:0
[  168835ms] [LOG] Queuing a session check in  1454.4 @ https://mailchimp.com/cdn/product/release/dist/js-src/73550.ab2c6c14344a6302.js:0
[  168836ms] [LOG] Queuing a session check in  1454.4 @ https://mailchimp.com/cdn/product/release/dist/js-src/73550.ab2c6c14344a6302.js:0
[  168941ms] [LOG] widget-request-start {msgProps: Object, appProps: null, context: Object, queued: false, flushLogsImmediately: false} @ https://mailchimp.com/cdn/product/release/dist/js-src/73550.ab2c6c14344a6302.js:0
[  168942ms] [LOG] widget-request-start {msgProps: Object, appProps: null, context: Object, queued: false, flushLogsImmediately: false} @ https://mailchimp.com/cdn/product/release/dist/js-src/73550.ab2c6c14344a6302.js:0
[  168943ms] [LOG] widget-load-start {msgProps: Object, appProps: null, context: Object, queued: false, flushLogsImmediately: false} @ https://mailchimp.com/cdn/product/release/dist/js-src/73550.ab2c6c14344a6302.js:0
[  168945ms] [LOG] widget-load-start {msgProps: Object, appProps: null, context: Object, queued: false, flushLogsImmediately: false} @ https://mailchimp.com/cdn/product/release/dist/js-src/73550.ab2c6c14344a6302.js:0
[  168996ms] [LOG] Queuing a session check in  1454.4 @ https://mailchimp.com/cdn/product/release/dist/js-src/73550.ab2c6c14344a6302.js:0
[  169009ms] [WARNING] Unsatisfied version 4.4.1 from ADKJSONP of shared singleton module @design-systems/theme (required =6.1.4) @ https://mailchimp.com/cdn/product/release/dist/js-src/73550.ab2c6c14344a6302.js:0
[  169012ms] [WARNING] Unsatisfied version 10.3.1--pr.2531.59 from ADKJSONP of shared singleton module @appfabric/web-shell-core/widgets/BaseWidget (required =9.126.0) @ https://mailchimp.com/cdn/product/release/dist/js-src/73550.ab2c6c14344a6302.js:0
[  169127ms] [WARNING] Unsatisfied version 10.3.1--pr.2531.59 from ADKJSONP of shared singleton module @appfabric/web-shell-core/widgets/BaseWidget (required ^7.32.1) @ https://mailchimp.com/cdn/product/release/dist/js-src/73550.ab2c6c14344a6302.js:0
[  169129ms] [WARNING] Unsatisfied version 4.4.1 from ADKJSONP of shared singleton module @design-systems/theme (required =6.1.8) @ https://mailchimp.com/cdn/product/release/dist/js-src/73550.ab2c6c14344a6302.js:0
[  169184ms] [LOG] Queuing a session check in  1454.4 @ https://mailchimp.com/cdn/product/release/dist/js-src/73550.ab2c6c14344a6302.js:0
[  169194ms] [LOG] widget-load-end {msgProps: Object, appProps: null, context: Object, queued: false, flushLogsImmediately: false} @ https://mailchimp.com/cdn/product/release/dist/js-src/73550.ab2c6c14344a6302.js:0
[  169195ms] [LOG] Queuing a session check in  1454.4 @ https://mailchimp.com/cdn/product/release/dist/js-src/73550.ab2c6c14344a6302.js:0
[  169211ms] [LOG] HomepageDashboardWidget mounted. {msgProps: null, appProps: null, context: Object, queued: false, flushLogsImmediately: false} @ https://mailchimp.com/cdn/product/release/dist/js-src/73550.ab2c6c14344a6302.js:0
[  169218ms] [LOG] widget-first-display {msgProps: Object, appProps: null, context: Object, queued: false, flushLogsImmediately: false} @ https://mailchimp.com/cdn/product/release/dist/js-src/73550.ab2c6c14344a6302.js:0
[  169219ms] [LOG] widget-ready {msgProps: Object, appProps: null, context: Object, queued: false, flushLogsImmediately: false} @ https://mailchimp.com/cdn/product/release/dist/js-src/73550.ab2c6c14344a6302.js:0
[  169222ms] [LOG] widget-mount {msgProps: Object, appProps: null, context: Object, queued: false, flushLogsImmediately: false} @ https://mailchimp.com/cdn/product/release/dist/js-src/73550.ab2c6c14344a6302.js:0
[  169279ms] [LOG] Queuing a session check in  1454.4 @ https://mailchimp.com/cdn/product/release/dist/js-src/73550.ab2c6c14344a6302.js:0
[  169281ms] [LOG] widget-load-end {msgProps: Object, appProps: null, context: Object, queued: false, flushLogsImmediately: false} @ https://mailchimp.com/cdn/product/release/dist/js-src/73550.ab2c6c14344a6302.js:0
[  169289ms] [LOG] widget-mount {msgProps: Object, appProps: null, context: Object, queued: false, flushLogsImmediately: false} @ https://mailchimp.com/cdn/product/release/dist/js-src/73550.ab2c6c14344a6302.js:0
[  169293ms] [WARNING] TypeError: Cannot read properties of undefined (reading 'load')
    at runIntercept (https://rs.fullstory.com/rec/integrations?OrgId=ZHBMT&isInFrame=false&isNative=false:78:15)
    at https://rs.fullstory.com/rec/integrations?OrgId=ZHBMT&isInFrame=false&isNative=false:104:5
    at https://rs.fullstory.com/rec/integrations?OrgId=ZHBMT&isInFrame=false&isNative=false:109:3 @ https://mailchimp.com/cdn/product/release/dist/js-src/73550.ab2c6c14344a6302.js:0
[  169314ms] [WARNING] Deprecation Warning: id prop has been deprecated. Use widgetId instead. {msgProps: null, appProps: null, context: Object, queued: false, flushLogsImmediately: false} @ https://mailchimp.com/cdn/product/release/dist/js-src/73550.ab2c6c14344a6302.js:0
[  169315ms] [WARNING] Deprecation Warning: id prop has been deprecated. Use widgetId instead. {msgProps: null, appProps: null, context: Object, queued: false, flushLogsImmediately: false} @ https://mailchimp.com/cdn/product/release/dist/js-src/73550.ab2c6c14344a6302.js:0
[  169324ms] [LOG] widget-request-start {msgProps: Object, appProps: null, context: Object, queued: false, flushLogsImmediately: false} @ https://mailchimp.com/cdn/product/release/dist/js-src/73550.ab2c6c14344a6302.js:0
[  169325ms] [LOG] widget-request-start {msgProps: Object, appProps: null, context: Object, queued: false, flushLogsImmediately: false} @ https://mailchimp.com/cdn/product/release/dist/js-src/73550.ab2c6c14344a6302.js:0
[  169327ms] [LOG] widget-load-start {msgProps: Object, appProps: null, context: Object, queued: false, flushLogsImmediately: false} @ https://mailchimp.com/cdn/product/release/dist/js-src/73550.ab2c6c14344a6302.js:0
[  169328ms] [LOG] widget-load-start {msgProps: Object, appProps: null, context: Object, queued: false, flushLogsImmediately: false} @ https://mailchimp.com/cdn/product/release/dist/js-src/73550.ab2c6c14344a6302.js:0
[  169335ms] [LOG] Queuing a session check in  1454.4 @ https://mailchimp.com/cdn/product/release/dist/js-src/73550.ab2c6c14344a6302.js:0
[  169407ms] [LOG] widget-request-start {msgProps: Object, appProps: null, context: Object, queued: false, flushLogsImmediately: false} @ https://mailchimp.com/cdn/product/release/dist/js-src/73550.ab2c6c14344a6302.js:0
[  169408ms] [LOG] widget-load-start {msgProps: Object, appProps: null, context: Object, queued: false, flushLogsImmediately: false} @ https://mailchimp.com/cdn/product/release/dist/js-src/73550.ab2c6c14344a6302.js:0
[  169409ms] [LOG] widget-load-end {msgProps: Object, appProps: null, context: Object, queued: false, flushLogsImmediately: false} @ https://mailchimp.com/cdn/product/release/dist/js-src/73550.ab2c6c14344a6302.js:0
[  169424ms] [LOG] HomepageDashboardWidget mounted. {msgProps: null, appProps: null, context: Object, queued: false, flushLogsImmediately: false} @ https://mailchimp.com/cdn/product/release/dist/js-src/73550.ab2c6c14344a6302.js:0
[  169465ms] [LOG] widget-first-display {msgProps: Object, appProps: null, context: Object, queued: false, flushLogsImmediately: false} @ https://mailchimp.com/cdn/product/release/dist/js-src/73550.ab2c6c14344a6302.js:0
[  169466ms] [LOG] widget-ready {msgProps: Object, appProps: null, context: Object, queued: false, flushLogsImmediately: false} @ https://mailchimp.com/cdn/product/release/dist/js-src/73550.ab2c6c14344a6302.js:0
[  169468ms] [LOG] widget-mount {msgProps: Object, appProps: null, context: Object, queued: false, flushLogsImmediately: false} @ https://mailchimp.com/cdn/product/release/dist/js-src/73550.ab2c6c14344a6302.js:0
[  169484ms] [WARNING] Deprecation Warning: id prop has been deprecated. Use widgetId instead. {msgProps: null, appProps: null, context: Object, queued: false, flushLogsImmediately: false} @ https://mailchimp.com/cdn/product/release/dist/js-src/73550.ab2c6c14344a6302.js:0
[  169484ms] [WARNING] Deprecation Warning: id prop has been deprecated. Use widgetId instead. {msgProps: null, appProps: null, context: Object, queued: false, flushLogsImmediately: false} @ https://mailchimp.com/cdn/product/release/dist/js-src/73550.ab2c6c14344a6302.js:0
[  169492ms] [LOG] widget-request-start {msgProps: Object, appProps: null, context: Object, queued: false, flushLogsImmediately: false} @ https://mailchimp.com/cdn/product/release/dist/js-src/73550.ab2c6c14344a6302.js:0
[  169494ms] [LOG] widget-request-start {msgProps: Object, appProps: null, context: Object, queued: false, flushLogsImmediately: false} @ https://mailchimp.com/cdn/product/release/dist/js-src/73550.ab2c6c14344a6302.js:0
[  169495ms] [LOG] widget-load-start {msgProps: Object, appProps: null, context: Object, queued: false, flushLogsImmediately: false} @ https://mailchimp.com/cdn/product/release/dist/js-src/73550.ab2c6c14344a6302.js:0
[  169496ms] [LOG] widget-load-start {msgProps: Object, appProps: null, context: Object, queued: false, flushLogsImmediately: false} @ https://mailchimp.com/cdn/product/release/dist/js-src/73550.ab2c6c14344a6302.js:0
[  169505ms] [LOG] FAB Orchestrator has loaded {msgProps: Object, appProps: null, context: Object, queued: false, flushLogsImmediately: false} @ https://mailchimp.com/cdn/product/release/dist/js-src/73550.ab2c6c14344a6302.js:0
[  169506ms] [LOG] User does not have DIWM or BizTax entitlement, skipping expert match {msgProps: null, appProps: null, context: Object, queued: false, flushLogsImmediately: false} @ https://mailchimp.com/cdn/product/release/dist/js-src/73550.ab2c6c14344a6302.js:0
[  169508ms] [WARNING] module=Entitlements message=oihsAppAdapter.entitlements.getEntitlements is not implemented {msgProps: null, appProps: null, context: Object, queued: false, flushLogsImmediately: false} @ https://mailchimp.com/cdn/product/release/dist/js-src/73550.ab2c6c14344a6302.js:0
[  169510ms] [LOG] widget-first-display {msgProps: Object, appProps: null, context: Object, queued: false, flushLogsImmediately: false} @ https://mailchimp.com/cdn/product/release/dist/js-src/73550.ab2c6c14344a6302.js:0
[  169512ms] [LOG] widget-ready {msgProps: Object, appProps: null, context: Object, queued: false, flushLogsImmediately: false} @ https://mailchimp.com/cdn/product/release/dist/js-src/73550.ab2c6c14344a6302.js:0
[  169528ms] [LOG] widget-request-start {msgProps: Object, appProps: null, context: Object, queued: false, flushLogsImmediately: false} @ https://mailchimp.com/cdn/product/release/dist/js-src/73550.ab2c6c14344a6302.js:0
[  169529ms] [LOG] widget-load-start {msgProps: Object, appProps: null, context: Object, queued: false, flushLogsImmediately: false} @ https://mailchimp.com/cdn/product/release/dist/js-src/73550.ab2c6c14344a6302.js:0
[  169539ms] [LOG] Queuing a session check in  1454.4 @ https://mailchimp.com/cdn/product/release/dist/js-src/73550.ab2c6c14344a6302.js:0
[  169542ms] [LOG] widget-request-start {msgProps: Object, appProps: null, context: Object, queued: false, flushLogsImmediately: false} @ https://mailchimp.com/cdn/product/release/dist/js-src/73550.ab2c6c14344a6302.js:0
[  169543ms] [LOG] widget-load-start {msgProps: Object, appProps: null, context: Object, queued: false, flushLogsImmediately: false} @ https://mailchimp.com/cdn/product/release/dist/js-src/73550.ab2c6c14344a6302.js:0
[  169556ms] [WARNING] Unsatisfied version 10.3.1--pr.2531.59 from ADKJSONP of shared singleton module @appfabric/web-shell-core/widgets/BaseWidget (required =9.43.1) @ https://mailchimp.com/cdn/product/release/dist/js-src/73550.ab2c6c14344a6302.js:0
[  169557ms] [WARNING] Unsatisfied version 9.126.0 from mc-homepage-ui of shared singleton module @appfabric/web-shell-core/widgets/HOCWidget (required =9.43.1) @ https://mailchimp.com/cdn/product/release/dist/js-src/73550.ab2c6c14344a6302.js:0
[  169569ms] [LOG] widget-request-start {msgProps: Object, appProps: null, context: Object, queued: false, flushLogsImmediately: false} @ https://mailchimp.com/cdn/product/release/dist/js-src/73550.ab2c6c14344a6302.js:0
[  169570ms] [LOG] widget-request-start {msgProps: Object, appProps: null, context: Object, queued: false, flushLogsImmediately: false} @ https://mailchimp.com/cdn/product/release/dist/js-src/73550.ab2c6c14344a6302.js:0
[  169572ms] [LOG] widget-load-start {msgProps: Object, appProps: null, context: Object, queued: false, flushLogsImmediately: false} @ https://mailchimp.com/cdn/product/release/dist/js-src/73550.ab2c6c14344a6302.js:0
[  169574ms] [LOG] widget-load-start {msgProps: Object, appProps: null, context: Object, queued: false, flushLogsImmediately: false} @ https://mailchimp.com/cdn/product/release/dist/js-src/73550.ab2c6c14344a6302.js:0
[  169577ms] [LOG] widget-ready {msgProps: Object, appProps: null, context: Object, queued: false, flushLogsImmediately: false} @ https://mailchimp.com/cdn/product/release/dist/js-src/73550.ab2c6c14344a6302.js:0
[  169601ms] [LOG] widget-load-end {msgProps: Object, appProps: null, context: Object, queued: false, flushLogsImmediately: false} @ https://mailchimp.com/cdn/product/release/dist/js-src/73550.ab2c6c14344a6302.js:0
[  169634ms] [WARNING] Unsatisfied version 4.4.1 from ADKJSONP of shared singleton module @design-systems/theme (required =4.7.2) @ https://mailchimp.com/cdn/product/release/dist/js-src/73550.ab2c6c14344a6302.js:0
[  169637ms] [LOG] widget-mount {msgProps: Object, appProps: null, context: Object, queued: false, flushLogsImmediately: false} @ https://mailchimp.com/cdn/product/release/dist/js-src/73550.ab2c6c14344a6302.js:0
[  169661ms] [LOG] FAB widget mounted. {msgProps: null, appProps: null, context: Object, queued: false, flushLogsImmediately: false} @ https://mailchimp.com/cdn/product/release/dist/js-src/73550.ab2c6c14344a6302.js:0
[  169662ms] [LOG] oihs-performance:oihs:load:conversation-hub-web/rehydrator {msgProps: Object, appProps: null, context: Object, queued: false, flushLogsImmediately: false} @ https://mailchimp.com/cdn/product/release/dist/js-src/73550.ab2c6c14344a6302.js:0
[  169663ms] [LOG] CONVERSATION_REHYDRATOR_CUSTOMER_JOINED_SUBSCRIBE:OWNER=UNKNOWN {msgProps: Object, appProps: null, context: Object, queued: false, flushLogsImmediately: false} @ https://mailchimp.com/cdn/product/release/dist/js-src/73550.ab2c6c14344a6302.js:0
[  169663ms] [LOG] CONVERSATION_REHYDRATOR_CUSTOMER_JOINED_SUBSCRIBE_SUCCESS:OWNER=UNKNOWN {msgProps: Object, appProps: null, context: Object, queued: false, flushLogsImmediately: false} @ https://mailchimp.com/cdn/product/release/dist/js-src/73550.ab2c6c14344a6302.js:0
[  169664ms] [LOG] CONVERSATION_REHYDRATOR_CUSTOMER_INITIATED_MEETING_SUBSCRIBE:OWNER=UNKNOWN {msgProps: Object, appProps: null, context: Object, queued: false, flushLogsImmediately: false} @ https://mailchimp.com/cdn/product/release/dist/js-src/73550.ab2c6c14344a6302.js:0
[  169664ms] [LOG] CONVERSATION_REHYDRATOR_CUSTOMER_INITIATED_MEETING_SUBSCRIBE_SUCCESS:OWNER=UNKNOWN {msgProps: Object, appProps: null, context: Object, queued: false, flushLogsImmediately: false} @ https://mailchimp.com/cdn/product/release/dist/js-src/73550.ab2c6c14344a6302.js:0
[  169669ms] [LOG] widget-load-end {msgProps: Object, appProps: null, context: Object, queued: false, flushLogsImmediately: false} @ https://mailchimp.com/cdn/product/release/dist/js-src/73550.ab2c6c14344a6302.js:0
[  169677ms] [LOG] widget-mount {msgProps: Object, appProps: null, context: Object, queued: false, flushLogsImmediately: false} @ https://mailchimp.com/cdn/product/release/dist/js-src/73550.ab2c6c14344a6302.js:0
[  169680ms] [LOG] widget-first-display {msgProps: Object, appProps: null, context: Object, queued: false, flushLogsImmediately: false} @ https://mailchimp.com/cdn/product/release/dist/js-src/73550.ab2c6c14344a6302.js:0
[  169681ms] [LOG] widget-ready {msgProps: Object, appProps: null, context: Object, queued: false, flushLogsImmediately: false} @ https://mailchimp.com/cdn/product/release/dist/js-src/73550.ab2c6c14344a6302.js:0
[  169694ms] [LOG] Queuing a session check in  1454.4 @ https://mailchimp.com/cdn/product/release/dist/js-src/73550.ab2c6c14344a6302.js:0
[  169721ms] [WARNING] Unsatisfied version 4.4.1 from ADKJSONP of shared singleton module @design-systems/theme (required =4.7.2) @ https://mailchimp.com/cdn/product/release/dist/js-src/73550.ab2c6c14344a6302.js:0
[  169724ms] [WARNING] Unsatisfied version 4.4.1 from ADKJSONP of shared singleton module @design-systems/theme (required =4.7.2) @ https://mailchimp.com/cdn/product/release/dist/js-src/73550.ab2c6c14344a6302.js:0
[  169725ms] [WARNING] Unsatisfied version 4.4.1 from ADKJSONP of shared singleton module @design-systems/theme (required =4.7.2) @ https://mailchimp.com/cdn/product/release/dist/js-src/73550.ab2c6c14344a6302.js:0
[  169739ms] [WARNING] Unsatisfied version 4.4.1 from ADKJSONP of shared singleton module @design-systems/theme (required =4.7.2) @ https://mailchimp.com/cdn/product/release/dist/js-src/73550.ab2c6c14344a6302.js:0
[  169776ms] [LOG] FAB interactive state set {msgProps: Object, appProps: null, context: Object, queued: false, flushLogsImmediately: false} @ https://mailchimp.com/cdn/product/release/dist/js-src/73550.ab2c6c14344a6302.js:0
[  169777ms] [LOG] oihs-performance:oihs:load:one-intuit-help-system/fab {msgProps: Object, appProps: null, context: Object, queued: false, flushLogsImmediately: false} @ https://mailchimp.com/cdn/product/release/dist/js-src/73550.ab2c6c14344a6302.js:0
[  169777ms] [WARNING] Deprecation Warning: id prop has been deprecated. Use widgetId instead. {msgProps: null, appProps: null, context: Object, queued: false, flushLogsImmediately: false} @ https://mailchimp.com/cdn/product/release/dist/js-src/73550.ab2c6c14344a6302.js:0
[  169778ms] [WARNING] Deprecation Warning: id prop has been deprecated. Use widgetId instead. {msgProps: null, appProps: null, context: Object, queued: false, flushLogsImmediately: false} @ https://mailchimp.com/cdn/product/release/dist/js-src/73550.ab2c6c14344a6302.js:0
[  169785ms] [LOG] widget-request-start {msgProps: Object, appProps: null, context: Object, queued: false, flushLogsImmediately: false} @ https://mailchimp.com/cdn/product/release/dist/js-src/73550.ab2c6c14344a6302.js:0
[  169786ms] [LOG] widget-load-start {msgProps: Object, appProps: null, context: Object, queued: false, flushLogsImmediately: false} @ https://mailchimp.com/cdn/product/release/dist/js-src/73550.ab2c6c14344a6302.js:0
[  169790ms] [LOG] widget-first-display {msgProps: Object, appProps: null, context: Object, queued: false, flushLogsImmediately: false} @ https://mailchimp.com/cdn/product/release/dist/js-src/73550.ab2c6c14344a6302.js:0
[  169807ms] [LOG] widget-ready {msgProps: Object, appProps: null, context: Object, queued: false, flushLogsImmediately: false} @ https://mailchimp.com/cdn/product/release/dist/js-src/73550.ab2c6c14344a6302.js:0
[  169810ms] [LOG] widget-request-start {msgProps: Object, appProps: null, context: Object, queued: false, flushLogsImmediately: false} @ https://mailchimp.com/cdn/product/release/dist/js-src/73550.ab2c6c14344a6302.js:0
[  169811ms] [LOG] widget-request-start {msgProps: Object, appProps: null, context: Object, queued: false, flushLogsImmediately: false} @ https://mailchimp.com/cdn/product/release/dist/js-src/73550.ab2c6c14344a6302.js:0
[  169812ms] [LOG] widget-load-start {msgProps: Object, appProps: null, context: Object, queued: false, flushLogsImmediately: false} @ https://mailchimp.com/cdn/product/release/dist/js-src/73550.ab2c6c14344a6302.js:0
[  169814ms] [LOG] widget-load-start {msgProps: Object, appProps: null, context: Object, queued: false, flushLogsImmediately: false} @ https://mailchimp.com/cdn/product/release/dist/js-src/73550.ab2c6c14344a6302.js:0
[  169831ms] [LOG] Queuing a session check in  1454.4 @ https://mailchimp.com/cdn/product/release/dist/js-src/73550.ab2c6c14344a6302.js:0
[  170024ms] [LOG] widget-load-end {msgProps: Object, appProps: null, context: Object, queued: false, flushLogsImmediately: false} @ https://mailchimp.com/cdn/product/release/dist/js-src/73550.ab2c6c14344a6302.js:0
[  170036ms] [ERROR] WidgetManager: widgetEntity not found for discoveryRecs
: Error: WidgetManager: widgetEntity not found for discoveryRecs
: {"startTime":"2026-09-28T10:10:40.459Z","widgetId":"discoveryRecs","widgetVersion":"1.0.0","isPreloadWidget":false,"consumingWidgetId":"ipd/global-header","consumingPluginId":"marketing-ipd-tsa-widgets","consumingWidgetInstanceId":"marketing-ipd-tsa-widgets:ipd/global-header@1.0.0:1126","consumingWidgetVersion":"1.0.0","failureReason":"WIDGET_ID_NOT_REGISTERED","requestedVersion":"1.0.0","availableVersions":[],"registeredWidgetCount":657,"registeredPluginCount":92}

Error: WidgetManager: widgetEntity not found for discoveryRecs
    at c._handleMissingWidgetEntity (https://plugin.intuitcdn.net/web-shell/5.289.1-apr.3544.b.50/integration/3279.js:1:14088)
    at https://plugin.intuitcdn.net/web-shell/5.289.1-apr.3544.b.50/integration/3279.js:1:17689 @ https://mailchimp.com/cdn/product/release/dist/js-src/73550.ab2c6c14344a6302.js:0
[  170037ms] [ERROR] WidgetManager: widgetEntity not found for discoveryRecs {msgProps: Object, appProps: null, context: Object, queued: false, flushLogsImmediately: true} Error: WidgetManager: widgetEntity not found for discoveryRecs
    at c._handleMissingWidgetEntity (https://plugin.intuitcdn.net/web-shell/5.289.1-apr.3544.b.50/integration/3279.js:1:14088)
    at https://plugin.intuitcdn.net/web-shell/5.289.1-apr.3544.b.50/integration/3279.js:1:17689 @ https://mailchimp.com/cdn/product/release/dist/js-src/73550.ab2c6c14344a6302.js:0
[  170039ms] [ERROR] WidgetManager: widgetEntity not found for discoveryRecs
: Error: WidgetManager: widgetEntity not found for discoveryRecs
: {"startTime":"2026-09-28T10:10:40.464Z","widgetId":"discoveryRecs","widgetVersion":"1.0.0","isPreloadWidget":false,"consumingWidgetId":"ipd/floating-card","consumingPluginId":"marketing-ipd-tsa-widgets","consumingWidgetInstanceId":"marketing-ipd-tsa-widgets:ipd/floating-card@1.0.0:1127","consumingWidgetVersion":"1.0.0","failureReason":"WIDGET_ID_NOT_REGISTERED","requestedVersion":"1.0.0","availableVersions":[],"registeredWidgetCount":657,"registeredPluginCount":92}

Error: WidgetManager: widgetEntity not found for discoveryRecs
    at c._handleMissingWidgetEntity (https://plugin.intuitcdn.net/web-shell/5.289.1-apr.3544.b.50/integration/3279.js:1:14088)
    at https://plugin.intuitcdn.net/web-shell/5.289.1-apr.3544.b.50/integration/3279.js:1:17689 @ https://mailchimp.com/cdn/product/release/dist/js-src/73550.ab2c6c14344a6302.js:0
[  170040ms] [ERROR] WidgetManager: widgetEntity not found for discoveryRecs
: Error: WidgetManager: widgetEntity not found for discoveryRecs
: {"startTime":"2026-09-28T10:10:40.464Z","widgetId":"discoveryRecs","widgetVersion":"1.0.0","isPreloadWidget":false,"consumingWidgetId":"ipd/global-header","consumingPluginId":"marketing-ipd-tsa-widgets","consumingWidgetInstanceId":"marketing-ipd-tsa-widgets:ipd/global-header@1.0.0:1126","consumingWidgetVersion":"1.0.0","failureReason":"WIDGET_ID_NOT_REGISTERED","requestedVersion":"1.0.0","availableVersions":[],"registeredWidgetCount":657,"registeredPluginCount":92}

Error: WidgetManager: widgetEntity not found for discoveryRecs
    at c._handleMissingWidgetEntity (https://plugin.intuitcdn.net/web-shell/5.289.1-apr.3544.b.50/integration/3279.js:1:14088)
    at https://plugin.intuitcdn.net/web-shell/5.289.1-apr.3544.b.50/integration/3279.js:1:17689 @ https://mailchimp.com/cdn/product/release/dist/js-src/73550.ab2c6c14344a6302.js:0
[  170040ms] [ERROR] WidgetManager: widgetEntity not found for discoveryRecs {msgProps: Object, appProps: null, context: Object, queued: false, flushLogsImmediately: true} Error: WidgetManager: widgetEntity not found for discoveryRecs
    at c._handleMissingWidgetEntity (https://plugin.intuitcdn.net/web-shell/5.289.1-apr.3544.b.50/integration/3279.js:1:14088)
    at https://plugin.intuitcdn.net/web-shell/5.289.1-apr.3544.b.50/integration/3279.js:1:17689 @ https://mailchimp.com/cdn/product/release/dist/js-src/73550.ab2c6c14344a6302.js:0
[  170042ms] [ERROR] WidgetManager: widgetEntity not found for discoveryRecs {msgProps: Object, appProps: null, context: Object, queued: false, flushLogsImmediately: true} Error: WidgetManager: widgetEntity not found for discoveryRecs
    at c._handleMissingWidgetEntity (https://plugin.intuitcdn.net/web-shell/5.289.1-apr.3544.b.50/integration/3279.js:1:14088)
    at https://plugin.intuitcdn.net/web-shell/5.289.1-apr.3544.b.50/integration/3279.js:1:17689 @ https://mailchimp.com/cdn/product/release/dist/js-src/73550.ab2c6c14344a6302.js:0
[  170044ms] [LOG] RecentCampaignsWidget mounted. {msgProps: null, appProps: null, context: Object, queued: false, flushLogsImmediately: false} @ https://mailchimp.com/cdn/product/release/dist/js-src/73550.ab2c6c14344a6302.js:0
[  170045ms] [LOG] TabbedChecklistWidget mounted. {msgProps: null, appProps: null, context: Object, queued: false, flushLogsImmediately: false} @ https://mailchimp.com/cdn/product/release/dist/js-src/73550.ab2c6c14344a6302.js:0
[  170051ms] [ERROR] Failed to resolve IPD orchestration experiment {msgProps: Object, appProps: null, context: Object, queued: false, flushLogsImmediately: false} @ https://mailchimp.com/cdn/product/release/dist/js-src/73550.ab2c6c14344a6302.js:0
[  170056ms] [LOG] widget-load-end {msgProps: Object, appProps: null, context: Object, queued: false, flushLogsImmediately: false} @ https://mailchimp.com/cdn/product/release/dist/js-src/73550.ab2c6c14344a6302.js:0
[  170058ms] [LOG] widget-load-end {msgProps: Object, appProps: null, context: Object, queued: false, flushLogsImmediately: false} @ https://mailchimp.com/cdn/product/release/dist/js-src/73550.ab2c6c14344a6302.js:0
[  170062ms] [LOG] widget-load-end {msgProps: Object, appProps: null, context: Object, queued: false, flushLogsImmediately: false} @ https://mailchimp.com/cdn/product/release/dist/js-src/73550.ab2c6c14344a6302.js:0
[  170064ms] [LOG] widget-load-end {msgProps: Object, appProps: null, context: Object, queued: false, flushLogsImmediately: false} @ https://mailchimp.com/cdn/product/release/dist/js-src/73550.ab2c6c14344a6302.js:0
[  170066ms] [LOG] widget-mount {msgProps: Object, appProps: null, context: Object, queued: false, flushLogsImmediately: false} @ https://mailchimp.com/cdn/product/release/dist/js-src/73550.ab2c6c14344a6302.js:0
[  170067ms] [LOG] widget-first-display {msgProps: Object, appProps: null, context: Object, queued: false, flushLogsImmediately: false} @ https://mailchimp.com/cdn/product/release/dist/js-src/73550.ab2c6c14344a6302.js:0
[  170068ms] [LOG] widget-ready {msgProps: Object, appProps: null, context: Object, queued: false, flushLogsImmediately: false} @ https://mailchimp.com/cdn/product/release/dist/js-src/73550.ab2c6c14344a6302.js:0
[  170070ms] [LOG] widget-mount {msgProps: Object, appProps: null, context: Object, queued: false, flushLogsImmediately: false} @ https://mailchimp.com/cdn/product/release/dist/js-src/73550.ab2c6c14344a6302.js:0
[  170071ms] [LOG] widget-mount {msgProps: Object, appProps: null, context: Object, queued: false, flushLogsImmediately: false} @ https://mailchimp.com/cdn/product/release/dist/js-src/73550.ab2c6c14344a6302.js:0
[  170072ms] [LOG] widget-mount {msgProps: Object, appProps: null, context: Object, queued: false, flushLogsImmediately: false} @ https://mailchimp.com/cdn/product/release/dist/js-src/73550.ab2c6c14344a6302.js:0
[  170073ms] [LOG] widget-first-display {msgProps: Object, appProps: null, context: Object, queued: false, flushLogsImmediately: false} @ https://mailchimp.com/cdn/product/release/dist/js-src/73550.ab2c6c14344a6302.js:0
[  170074ms] [LOG] widget-ready {msgProps: Object, appProps: null, context: Object, queued: false, flushLogsImmediately: false} @ https://mailchimp.com/cdn/product/release/dist/js-src/73550.ab2c6c14344a6302.js:0
[  170076ms] [LOG] widget-mount {msgProps: Object, appProps: null, context: Object, queued: false, flushLogsImmediately: false} @ https://mailchimp.com/cdn/product/release/dist/js-src/73550.ab2c6c14344a6302.js:0
[  170077ms] [LOG] widget-request-start {msgProps: Object, appProps: null, context: Object, queued: false, flushLogsImmediately: false} @ https://mailchimp.com/cdn/product/release/dist/js-src/73550.ab2c6c14344a6302.js:0
[  170078ms] [LOG] widget-manager-error {msgProps: Object, appProps: null, context: Object, queued: false, flushLogsImmediately: false} @ https://mailchimp.com/cdn/product/release/dist/js-src/73550.ab2c6c14344a6302.js:0
[  170081ms] [LOG] widget-request-start {msgProps: Object, appProps: null, context: Object, queued: false, flushLogsImmediately: false} @ https://mailchimp.com/cdn/product/release/dist/js-src/73550.ab2c6c14344a6302.js:0
[  170082ms] [LOG] widget-request-start {msgProps: Object, appProps: null, context: Object, queued: false, flushLogsImmediately: false} @ https://mailchimp.com/cdn/product/release/dist/js-src/73550.ab2c6c14344a6302.js:0
[  170083ms] [LOG] widget-manager-error {msgProps: Object, appProps: null, context: Object, queued: false, flushLogsImmediately: false} @ https://mailchimp.com/cdn/product/release/dist/js-src/73550.ab2c6c14344a6302.js:0
[  170085ms] [LOG] widget-manager-error {msgProps: Object, appProps: null, context: Object, queued: false, flushLogsImmediately: false} @ https://mailchimp.com/cdn/product/release/dist/js-src/73550.ab2c6c14344a6302.js:0
[  170087ms] [LOG] Queuing a session check in  1454.4 @ https://mailchimp.com/cdn/product/release/dist/js-src/73550.ab2c6c14344a6302.js:0
[  170094ms] [WARNING] Deprecation Warning: id prop has been deprecated. Use widgetId instead. {msgProps: null, appProps: null, context: Object, queued: false, flushLogsImmediately: false} @ https://mailchimp.com/cdn/product/release/dist/js-src/73550.ab2c6c14344a6302.js:0
[  170095ms] [LOG] ActionableInsightsWidget mounted. {msgProps: null, appProps: null, context: Object, queued: false, flushLogsImmediately: false} @ https://mailchimp.com/cdn/product/release/dist/js-src/73550.ab2c6c14344a6302.js:0
[  170096ms] [WARNING] Deprecation Warning: id prop has been deprecated. Use widgetId instead. {msgProps: null, appProps: null, context: Object, queued: false, flushLogsImmediately: false} @ https://mailchimp.com/cdn/product/release/dist/js-src/73550.ab2c6c14344a6302.js:0
[  170103ms] [LOG] widget-request-start {msgProps: Object, appProps: null, context: Object, queued: false, flushLogsImmediately: false} @ https://mailchimp.com/cdn/product/release/dist/js-src/73550.ab2c6c14344a6302.js:0
[  170104ms] [LOG] widget-request-start {msgProps: Object, appProps: null, context: Object, queued: false, flushLogsImmediately: false} @ https://mailchimp.com/cdn/product/release/dist/js-src/73550.ab2c6c14344a6302.js:0
[  170105ms] [LOG] widget-load-start {msgProps: Object, appProps: null, context: Object, queued: false, flushLogsImmediately: false} @ https://mailchimp.com/cdn/product/release/dist/js-src/73550.ab2c6c14344a6302.js:0
[  170106ms] [LOG] widget-load-start {msgProps: Object, appProps: null, context: Object, queued: false, flushLogsImmediately: false} @ https://mailchimp.com/cdn/product/release/dist/js-src/73550.ab2c6c14344a6302.js:0
[  170120ms] [LOG] Queuing a session check in  1454.4 @ https://mailchimp.com/cdn/product/release/dist/js-src/73550.ab2c6c14344a6302.js:0
[  170132ms] [LOG] Info in useAnalyticsConfig: Reused preloaded analytics config {msgProps: Object, appProps: null, context: Object, queued: false, flushLogsImmediately: false} @ https://mailchimp.com/cdn/product/release/dist/js-src/73550.ab2c6c14344a6302.js:0
[  170133ms] [LOG] Info in useAnalyticsConfig: Reused preloaded analytics config {msgProps: Object, appProps: null, context: Object, queued: false, flushLogsImmediately: false} @ https://mailchimp.com/cdn/product/release/dist/js-src/73550.ab2c6c14344a6302.js:0
[  170133ms] [LOG] Info in useAnalyticsConfig: Reused preloaded analytics config {msgProps: Object, appProps: null, context: Object, queued: false, flushLogsImmediately: false} @ https://mailchimp.com/cdn/product/release/dist/js-src/73550.ab2c6c14344a6302.js:0
[  170144ms] [WARNING] No satisfying version (^4.37.10) of shared module @appfabric/ui-data-layer/client found in shared scope default.
Available versions: 4.37.6 from homepage-rna @ https://mailchimp.com/cdn/product/release/dist/js-src/73550.ab2c6c14344a6302.js:0
[  170145ms] [WARNING] Unsatisfied version 10.3.1--pr.2531.59 from ADKJSONP of shared singleton module @appfabric/web-shell-core/widgets/BaseWidget (required =9.98.0) @ https://mailchimp.com/cdn/product/release/dist/js-src/73550.ab2c6c14344a6302.js:0
[  170175ms] [LOG] Info in useActionableInsightsData: Fetching insights {msgProps: Object, appProps: null, context: Object, queued: false, flushLogsImmediately: false} @ https://mailchimp.com/cdn/product/release/dist/js-src/73550.ab2c6c14344a6302.js:0
[  170176ms] [LOG] Info in actionableInsightsService: Getting XAPI token for metrics-viz-gql service {msgProps: Object, appProps: null, context: Object, queued: false, flushLogsImmediately: false} @ https://mailchimp.com/cdn/product/release/dist/js-src/73550.ab2c6c14344a6302.js:0
[  170176ms] [LOG] Info in getXApiToken: Using mock XAPI token for consumerId: mc-metrics-viz-gql {msgProps: Object, appProps: null, context: Object, queued: false, flushLogsImmediately: false} @ https://mailchimp.com/cdn/product/release/dist/js-src/73550.ab2c6c14344a6302.js:0
[  170178ms] [LOG] CONVERSATION_REHYDRATOR_BEARER_TOKEN_SUCCESS:OWNER=UNKNOWN {msgProps: Object, appProps: null, context: Object, queued: false, flushLogsImmediately: false} @ https://mailchimp.com/cdn/product/release/dist/js-src/73550.ab2c6c14344a6302.js:0
[  170179ms] [LOG] Info in actionableInsightsService: Calling metrics-viz-gql {msgProps: Object, appProps: null, context: Object, queued: false, flushLogsImmediately: false} @ https://mailchimp.com/cdn/product/release/dist/js-src/73550.ab2c6c14344a6302.js:0
[  170180ms] [LOG] Info in actionableInsightsService: Executing GraphQL {msgProps: Object, appProps: null, context: Object, queued: false, flushLogsImmediately: false} @ https://mailchimp.com/cdn/product/release/dist/js-src/73550.ab2c6c14344a6302.js:0
[  170243ms] [LOG] Info in [MHP-RNA] MarketingSnapshotWidget: Widget mounted {msgProps: Object, appProps: null, context: Object, queued: false, flushLogsImmediately: false} @ https://mailchimp.com/cdn/product/release/dist/js-src/73550.ab2c6c14344a6302.js:0
[  170243ms] [LOG] Info in [MHP-RNA] AudienceWidget: Widget mounted {msgProps: Object, appProps: null, context: Object, queued: false, flushLogsImmediately: false} @ https://mailchimp.com/cdn/product/release/dist/js-src/73550.ab2c6c14344a6302.js:0
[  170246ms] [LOG] widget-load-end {msgProps: Object, appProps: null, context: Object, queued: false, flushLogsImmediately: false} @ https://mailchimp.com/cdn/product/release/dist/js-src/73550.ab2c6c14344a6302.js:0
[  170248ms] [LOG] widget-load-end {msgProps: Object, appProps: null, context: Object, queued: false, flushLogsImmediately: false} @ https://mailchimp.com/cdn/product/release/dist/js-src/73550.ab2c6c14344a6302.js:0
[  170250ms] [LOG] widget-mount {msgProps: Object, appProps: null, context: Object, queued: false, flushLogsImmediately: false} @ https://mailchimp.com/cdn/product/release/dist/js-src/73550.ab2c6c14344a6302.js:0
[  170251ms] [LOG] widget-mount {msgProps: Object, appProps: null, context: Object, queued: false, flushLogsImmediately: false} @ https://mailchimp.com/cdn/product/release/dist/js-src/73550.ab2c6c14344a6302.js:0
[  170281ms] [LOG] Listening for chat rehydrate request {msgProps: null, appProps: null, context: Object, queued: false, flushLogsImmediately: false} @ https://mailchimp.com/cdn/product/release/dist/js-src/73550.ab2c6c14344a6302.js:0
[  170282ms] [WARNING] module=Entitlements message=oihsAppAdapter.entitlements.isPremium is not implemented {msgProps: null, appProps: null, context: Object, queued: false, flushLogsImmediately: false} @ https://mailchimp.com/cdn/product/release/dist/js-src/73550.ab2c6c14344a6302.js:0
[  170288ms] [ERROR] [@mc-xp/client] Missing csrfToken in initializeClient. Requests may fail without proper authentication. Please pass a csrfToken to initializeClient. See the "Usage" section in @mc-xp/client README for details. @ https://mailchimp.com/cdn/product/release/dist/js-src/73550.ab2c6c14344a6302.js:0
[  170290ms] [WARNING] Invalid scope provided for customer interaction: "Local Scope". Defaulting to Application Scope @ https://mailchimp.com/cdn/product/release/dist/js-src/73550.ab2c6c14344a6302.js:0
[  170300ms] [WARNING] Invalid scope provided for customer interaction: "Local Scope". Defaulting to Application Scope @ https://mailchimp.com/cdn/product/release/dist/js-src/73550.ab2c6c14344a6302.js:0
[  170307ms] [WARNING] Invalid scope provided for customer interaction: "Local Scope". Defaulting to Application Scope {msgProps: Object, appProps: null, context: Object, queued: false, flushLogsImmediately: false} @ https://mailchimp.com/cdn/product/release/dist/js-src/73550.ab2c6c14344a6302.js:0
[  170308ms] [WARNING] Invalid scope provided for customer interaction: "Local Scope". Defaulting to Application Scope {msgProps: Object, appProps: null, context: Object, queued: false, flushLogsImmediately: false} @ https://mailchimp.com/cdn/product/release/dist/js-src/73550.ab2c6c14344a6302.js:0
[  170310ms] [LOG] Info in [MHP-RNA] MarketingSnapshot: No metrics available for adapter creation {msgProps: Object, appProps: null, context: Object, queued: false, flushLogsImmediately: false} @ https://mailchimp.com/cdn/product/release/dist/js-src/73550.ab2c6c14344a6302.js:0
[  170310ms] [LOG] Info in [MHP-RNA] MarketingSnapshot: Display state changed {msgProps: Object, appProps: null, context: Object, queued: false, flushLogsImmediately: false} @ https://mailchimp.com/cdn/product/release/dist/js-src/73550.ab2c6c14344a6302.js:0
[  170311ms] [LOG] Info in [MHP-RNA] useAudienceWithAnalytics: Loading audience data {msgProps: Object, appProps: null, context: Object, queued: false, flushLogsImmediately: false} @ https://mailchimp.com/cdn/product/release/dist/js-src/73550.ab2c6c14344a6302.js:0
[  170320ms] [WARNING] Invalid scope provided for customer interaction: "Local Scope". Defaulting to Application Scope @ https://mailchimp.com/cdn/product/release/dist/js-src/73550.ab2c6c14344a6302.js:0
[  170323ms] [ERROR] [@mc-xp/client] Missing csrfToken in initializeClient. Requests may fail without proper authentication. Please pass a csrfToken to initializeClient. See the "Usage" section in @mc-xp/client README for details. @ https://mailchimp.com/cdn/product/release/dist/js-src/73550.ab2c6c14344a6302.js:0
[  170324ms] [WARNING] Invalid scope provided for customer interaction: "Local Scope". Defaulting to Application Scope @ https://mailchimp.com/cdn/product/release/dist/js-src/73550.ab2c6c14344a6302.js:0
[  170326ms] [WARNING] Invalid scope provided for customer interaction: "Local Scope". Defaulting to Application Scope {msgProps: Object, appProps: null, context: Object, queued: false, flushLogsImmediately: false} @ https://mailchimp.com/cdn/product/release/dist/js-src/73550.ab2c6c14344a6302.js:0
[  170327ms] [WARNING] Invalid scope provided for customer interaction: "Local Scope". Defaulting to Application Scope {msgProps: Object, appProps: null, context: Object, queued: false, flushLogsImmediately: false} @ https://mailchimp.com/cdn/product/release/dist/js-src/73550.ab2c6c14344a6302.js:0
[  170328ms] [LOG] Info in [MHP-RNA] Audience: Display state changed {msgProps: Object, appProps: null, context: Object, queued: false, flushLogsImmediately: false} @ https://mailchimp.com/cdn/product/release/dist/js-src/73550.ab2c6c14344a6302.js:0
[  170356ms] [LOG] Info in [MHP-RNA] useMetricVizLib: Bot filtering experiment data received {msgProps: Object, appProps: null, context: Object, queued: false, flushLogsImmediately: false} @ https://mailchimp.com/cdn/product/release/dist/js-src/73550.ab2c6c14344a6302.js:0
[  170357ms] [LOG] Info in [MHP-RNA] useMetricVizLib: Bot filtering experiment data received {msgProps: Object, appProps: null, context: Object, queued: false, flushLogsImmediately: false} @ https://mailchimp.com/cdn/product/release/dist/js-src/73550.ab2c6c14344a6302.js:0
[  170372ms] [LOG] Info in [MHP-RNA] useMetricVizLib - CDP GraphQL Query: Query 1/7 for marketing-snapshot-extended (trigger: initial_load) {msgProps: Object, appProps: null, context: Object, queued: false, flushLogsImmediately: false} @ https://mailchimp.com/cdn/product/release/dist/js-src/73550.ab2c6c14344a6302.js:0
[  170373ms] [LOG] Info in [MHP-RNA] useMetricVizLib - CDP GraphQL Query: Query 2/7 for marketing-snapshot-extended (trigger: initial_load) {msgProps: Object, appProps: null, context: Object, queued: false, flushLogsImmediately: false} @ https://mailchimp.com/cdn/product/release/dist/js-src/73550.ab2c6c14344a6302.js:0
[  170373ms] [LOG] Info in [MHP-RNA] useMetricVizLib - CDP GraphQL Query: Query 3/7 for marketing-snapshot-extended (trigger: initial_load) {msgProps: Object, appProps: null, context: Object, queued: false, flushLogsImmediately: false} @ https://mailchimp.com/cdn/product/release/dist/js-src/73550.ab2c6c14344a6302.js:0
[  170373ms] [LOG] Info in [MHP-RNA] useMetricVizLib - CDP GraphQL Query: Query 4/7 for marketing-snapshot-extended (trigger: initial_load) {msgProps: Object, appProps: null, context: Object, queued: false, flushLogsImmediately: false} @ https://mailchimp.com/cdn/product/release/dist/js-src/73550.ab2c6c14344a6302.js:0
[  170374ms] [LOG] Info in [MHP-RNA] useMetricVizLib - CDP GraphQL Query: Query 5/7 for marketing-snapshot-extended (trigger: initial_load) {msgProps: Object, appProps: null, context: Object, queued: false, flushLogsImmediately: false} @ https://mailchimp.com/cdn/product/release/dist/js-src/73550.ab2c6c14344a6302.js:0
[  170374ms] [LOG] Info in [MHP-RNA] useMetricVizLib - CDP GraphQL Query: Query 6/7 for marketing-snapshot-extended (trigger: initial_load) {msgProps: Object, appProps: null, context: Object, queued: false, flushLogsImmediately: false} @ https://mailchimp.com/cdn/product/release/dist/js-src/73550.ab2c6c14344a6302.js:0
[  170375ms] [LOG] Info in [MHP-RNA] useMetricVizLib - CDP GraphQL Query: Query 7/7 for marketing-snapshot-extended (trigger: initial_load) {msgProps: Object, appProps: null, context: Object, queued: false, flushLogsImmediately: false} @ https://mailchimp.com/cdn/product/release/dist/js-src/73550.ab2c6c14344a6302.js:0
[  170375ms] [LOG] Info in [MHP-RNA] useMetricVizLib - CDP GraphQL Query: Query 1/3 for audience-extended (trigger: initial_load) {msgProps: Object, appProps: null, context: Object, queued: false, flushLogsImmediately: false} @ https://mailchimp.com/cdn/product/release/dist/js-src/73550.ab2c6c14344a6302.js:0
[  170383ms] [LOG] Info in [MHP-RNA] useMetricVizLib - CDP GraphQL Query: Query 2/3 for audience-extended (trigger: initial_load) {msgProps: Object, appProps: null, context: Object, queued: false, flushLogsImmediately: false} @ https://mailchimp.com/cdn/product/release/dist/js-src/73550.ab2c6c14344a6302.js:0
[  170384ms] [LOG] Info in [MHP-RNA] useMetricVizLib - CDP GraphQL Query: Query 3/3 for audience-extended (trigger: initial_load) {msgProps: Object, appProps: null, context: Object, queued: false, flushLogsImmediately: false} @ https://mailchimp.com/cdn/product/release/dist/js-src/73550.ab2c6c14344a6302.js:0
[  170392ms] [WARNING] Unsatisfied version 18.3.1 from ADKJSONP of shared singleton module react (required =17.0.2) @ https://mailchimp.com/cdn/product/release/dist/js-src/73550.ab2c6c14344a6302.js:0
[  170393ms] [WARNING] Unsatisfied version 10.3.1--pr.2531.59 from ADKJSONP of shared singleton module @appfabric/web-shell-core/widgets/BaseWidget (required =9.98.0) @ https://mailchimp.com/cdn/product/release/dist/js-src/73550.ab2c6c14344a6302.js:0
[  170395ms] [WARNING] Unsatisfied version 9.126.0 from mc-homepage-ui of shared singleton module @appfabric/web-shell-core/widgets/HOCWidget (required =9.98.0) @ https://mailchimp.com/cdn/product/release/dist/js-src/73550.ab2c6c14344a6302.js:0
[  170491ms] [LOG] Info in [MHP-RNA] useMetricVizLib: Bot filtering experiment data received {msgProps: Object, appProps: null, context: Object, queued: false, flushLogsImmediately: false} @ https://mailchimp.com/cdn/product/release/dist/js-src/73550.ab2c6c14344a6302.js:0
[  170491ms] [LOG] Info in useRecentCampaignsMetricVizLib: Creating FCI instance 1 {msgProps: Object, appProps: null, context: Object, queued: false, flushLogsImmediately: false} @ https://mailchimp.com/cdn/product/release/dist/js-src/73550.ab2c6c14344a6302.js:0
[  170492ms] [LOG] Info in [MHP] useMetricVizLib - CDP GraphQL Query: Query 1/6 for useRecentCampaignsMetricVizLib (trigger: initial_load) {msgProps: Object, appProps: null, context: Object, queued: false, flushLogsImmediately: false} @ https://mailchimp.com/cdn/product/release/dist/js-src/73550.ab2c6c14344a6302.js:0
[  170492ms] [LOG] Info in [MHP] useMetricVizLib - CDP GraphQL Query: Query 2/6 for useRecentCampaignsMetricVizLib (trigger: initial_load) {msgProps: Object, appProps: null, context: Object, queued: false, flushLogsImmediately: false} @ https://mailchimp.com/cdn/product/release/dist/js-src/73550.ab2c6c14344a6302.js:0
[  170493ms] [LOG] Info in [MHP] useMetricVizLib - CDP GraphQL Query: Query 3/6 for useRecentCampaignsMetricVizLib (trigger: initial_load) {msgProps: Object, appProps: null, context: Object, queued: false, flushLogsImmediately: false} @ https://mailchimp.com/cdn/product/release/dist/js-src/73550.ab2c6c14344a6302.js:0
[  170493ms] [LOG] Info in [MHP] useMetricVizLib - CDP GraphQL Query: Query 4/6 for useRecentCampaignsMetricVizLib (trigger: initial_load) {msgProps: Object, appProps: null, context: Object, queued: false, flushLogsImmediately: false} @ https://mailchimp.com/cdn/product/release/dist/js-src/73550.ab2c6c14344a6302.js:0
[  170494ms] [LOG] Info in [MHP] useMetricVizLib - CDP GraphQL Query: Query 5/6 for useRecentCampaignsMetricVizLib (trigger: initial_load) {msgProps: Object, appProps: null, context: Object, queued: false, flushLogsImmediately: false} @ https://mailchimp.com/cdn/product/release/dist/js-src/73550.ab2c6c14344a6302.js:0
[  170494ms] [LOG] Info in [MHP] useMetricVizLib - CDP GraphQL Query: Query 6/6 for useRecentCampaignsMetricVizLib (trigger: initial_load) {msgProps: Object, appProps: null, context: Object, queued: false, flushLogsImmediately: false} @ https://mailchimp.com/cdn/product/release/dist/js-src/73550.ab2c6c14344a6302.js:0
[  170495ms] [ERROR] AccessPoint: accessToken is required and must be a non-empty string {msgProps: null, appProps: null, context: Object, queued: false, flushLogsImmediately: false} @ https://mailchimp.com/cdn/product/release/dist/js-src/73550.ab2c6c14344a6302.js:0
[  170495ms] [ERROR] AccessPoint: accessToken is required and must be a non-empty string {msgProps: null, appProps: null, context: Object, queued: false, flushLogsImmediately: false} @ https://mailchimp.com/cdn/product/release/dist/js-src/73550.ab2c6c14344a6302.js:0
[  170496ms] [LOG] Info in getXApiToken: Requesting XAPI token for consumerId: mc-metrics-viz-gql {msgProps: Object, appProps: null, context: Object, queued: false, flushLogsImmediately: false} @ https://mailchimp.com/cdn/product/release/dist/js-src/73550.ab2c6c14344a6302.js:0
[  170505ms] [LOG] widget-load-end {msgProps: Object, appProps: null, context: Object, queued: false, flushLogsImmediately: false} @ https://mailchimp.com/cdn/product/release/dist/js-src/73550.ab2c6c14344a6302.js:0
[  170508ms] [LOG] widget-load-end {msgProps: Object, appProps: null, context: Object, queued: false, flushLogsImmediately: false} @ https://mailchimp.com/cdn/product/release/dist/js-src/73550.ab2c6c14344a6302.js:0
[  170509ms] [LOG] widget-load-end {msgProps: Object, appProps: null, context: Object, queued: false, flushLogsImmediately: false} @ https://mailchimp.com/cdn/product/release/dist/js-src/73550.ab2c6c14344a6302.js:0
[  170511ms] [LOG] widget-load-end {msgProps: Object, appProps: null, context: Object, queued: false, flushLogsImmediately: false} @ https://mailchimp.com/cdn/product/release/dist/js-src/73550.ab2c6c14344a6302.js:0
[  170534ms] [LOG] widget-mount {msgProps: Object, appProps: null, context: Object, queued: false, flushLogsImmediately: false} @ https://mailchimp.com/cdn/product/release/dist/js-src/73550.ab2c6c14344a6302.js:0
[  170535ms] [LOG] widget-mount {msgProps: Object, appProps: null, context: Object, queued: false, flushLogsImmediately: false} @ https://mailchimp.com/cdn/product/release/dist/js-src/73550.ab2c6c14344a6302.js:0
[  170537ms] [LOG] widget-mount {msgProps: Object, appProps: null, context: Object, queued: false, flushLogsImmediately: false} @ https://mailchimp.com/cdn/product/release/dist/js-src/73550.ab2c6c14344a6302.js:0
[  170538ms] [LOG] widget-mount {msgProps: Object, appProps: null, context: Object, queued: false, flushLogsImmediately: false} @ https://mailchimp.com/cdn/product/release/dist/js-src/73550.ab2c6c14344a6302.js:0
[  170560ms] [LOG] Info in [MHP-RNA] useMarketingSnapshotMetricVizLib: Data split into periods {msgProps: Object, appProps: null, context: Object, queued: false, flushLogsImmediately: false} @ https://mailchimp.com/cdn/product/release/dist/js-src/73550.ab2c6c14344a6302.js:0
[  170561ms] [LOG] Info in [MHP-RNA] MarketingSnapshot: Adapter created successfully {msgProps: Object, appProps: null, context: Object, queued: false, flushLogsImmediately: false} @ https://mailchimp.com/cdn/product/release/dist/js-src/73550.ab2c6c14344a6302.js:0
[  170561ms] [LOG] Info in [MHP-RNA] MarketingSnapshot: Display state changed {msgProps: Object, appProps: null, context: Object, queued: false, flushLogsImmediately: false} @ https://mailchimp.com/cdn/product/release/dist/js-src/73550.ab2c6c14344a6302.js:0
[  170577ms] [LOG] IPDAttributesProvider: Received attributes from monolith {msgProps: Object, appProps: null, context: Object, queued: false, flushLogsImmediately: false} @ https://mailchimp.com/cdn/product/release/dist/js-src/73550.ab2c6c14344a6302.js:0
[  170578ms] [LOG] IPDAttributesProvider: Received attributes from monolith {msgProps: Object, appProps: null, context: Object, queued: false, flushLogsImmediately: false} @ https://mailchimp.com/cdn/product/release/dist/js-src/73550.ab2c6c14344a6302.js:0
[  170579ms] [LOG] IPDAttributesProvider: Received attributes from monolith {msgProps: Object, appProps: null, context: Object, queued: false, flushLogsImmediately: false} @ https://mailchimp.com/cdn/product/release/dist/js-src/73550.ab2c6c14344a6302.js:0
[  170579ms] [LOG] IPDAttributesProvider: Received attributes from monolith {msgProps: Object, appProps: null, context: Object, queued: false, flushLogsImmediately: false} @ https://mailchimp.com/cdn/product/release/dist/js-src/73550.ab2c6c14344a6302.js:0
[  170582ms] [LOG] IPDAttributesProvider: Received attributes from monolith {msgProps: Object, appProps: null, context: Object, queued: false, flushLogsImmediately: false} @ https://mailchimp.com/cdn/product/release/dist/js-src/73550.ab2c6c14344a6302.js:0
[  170583ms] [LOG] IPDAttributesProvider: Received attributes from monolith {msgProps: Object, appProps: null, context: Object, queued: false, flushLogsImmediately: false} @ https://mailchimp.com/cdn/product/release/dist/js-src/73550.ab2c6c14344a6302.js:0
[  170583ms] [LOG] IPDAttributesProvider: Received attributes from monolith {msgProps: Object, appProps: null, context: Object, queued: false, flushLogsImmediately: false} @ https://mailchimp.com/cdn/product/release/dist/js-src/73550.ab2c6c14344a6302.js:0
[  170584ms] [LOG] IPDAttributesProvider: Received attributes from monolith {msgProps: Object, appProps: null, context: Object, queued: false, flushLogsImmediately: false} @ https://mailchimp.com/cdn/product/release/dist/js-src/73550.ab2c6c14344a6302.js:0
[  170587ms] [LOG] IPDAttributesProvider: Received attributes from monolith {msgProps: Object, appProps: null, context: Object, queued: false, flushLogsImmediately: false} @ https://mailchimp.com/cdn/product/release/dist/js-src/73550.ab2c6c14344a6302.js:0
[  170588ms] [LOG] IPDAttributesProvider: Received attributes from monolith {msgProps: Object, appProps: null, context: Object, queued: false, flushLogsImmediately: false} @ https://mailchimp.com/cdn/product/release/dist/js-src/73550.ab2c6c14344a6302.js:0
[  170588ms] [LOG] IPDAttributesProvider: Received attributes from monolith {msgProps: Object, appProps: null, context: Object, queued: false, flushLogsImmediately: false} @ https://mailchimp.com/cdn/product/release/dist/js-src/73550.ab2c6c14344a6302.js:0
[  170589ms] [LOG] IPDAttributesProvider: Received attributes from monolith {msgProps: Object, appProps: null, context: Object, queued: false, flushLogsImmediately: false} @ https://mailchimp.com/cdn/product/release/dist/js-src/73550.ab2c6c14344a6302.js:0
[  170593ms] [LOG] IPDAttributesProvider: Received attributes from monolith {msgProps: Object, appProps: null, context: Object, queued: false, flushLogsImmediately: false} @ https://mailchimp.com/cdn/product/release/dist/js-src/73550.ab2c6c14344a6302.js:0
[  170593ms] [LOG] IPDAttributesProvider: Received attributes from monolith {msgProps: Object, appProps: null, context: Object, queued: false, flushLogsImmediately: false} @ https://mailchimp.com/cdn/product/release/dist/js-src/73550.ab2c6c14344a6302.js:0
[  170594ms] [LOG] IPDAttributesProvider: Received attributes from monolith {msgProps: Object, appProps: null, context: Object, queued: false, flushLogsImmediately: false} @ https://mailchimp.com/cdn/product/release/dist/js-src/73550.ab2c6c14344a6302.js:0
[  170595ms] [LOG] IPDAttributesProvider: Received attributes from monolith {msgProps: Object, appProps: null, context: Object, queued: false, flushLogsImmediately: false} @ https://mailchimp.com/cdn/product/release/dist/js-src/73550.ab2c6c14344a6302.js:0
[  170597ms] [LOG] IPDAttributesProvider: Received attributes from monolith {msgProps: Object, appProps: null, context: Object, queued: false, flushLogsImmediately: false} @ https://mailchimp.com/cdn/product/release/dist/js-src/73550.ab2c6c14344a6302.js:0
[  170598ms] [LOG] IPDAttributesProvider: Received attributes from monolith {msgProps: Object, appProps: null, context: Object, queued: false, flushLogsImmediately: false} @ https://mailchimp.com/cdn/product/release/dist/js-src/73550.ab2c6c14344a6302.js:0
[  170598ms] [LOG] IPDAttributesProvider: Received attributes from monolith {msgProps: Object, appProps: null, context: Object, queued: false, flushLogsImmediately: false} @ https://mailchimp.com/cdn/product/release/dist/js-src/73550.ab2c6c14344a6302.js:0
[  170599ms] [LOG] IPDAttributesProvider: Received attributes from monolith {msgProps: Object, appProps: null, context: Object, queued: false, flushLogsImmediately: false} @ https://mailchimp.com/cdn/product/release/dist/js-src/73550.ab2c6c14344a6302.js:0
[  170601ms] [LOG] IPDAttributesProvider: Received attributes from monolith {msgProps: Object, appProps: null, context: Object, queued: false, flushLogsImmediately: false} @ https://mailchimp.com/cdn/product/release/dist/js-src/73550.ab2c6c14344a6302.js:0
[  170602ms] [LOG] IPDAttributesProvider: Received attributes from monolith {msgProps: Object, appProps: null, context: Object, queued: false, flushLogsImmediately: false} @ https://mailchimp.com/cdn/product/release/dist/js-src/73550.ab2c6c14344a6302.js:0
[  170602ms] [LOG] IPDAttributesProvider: Received attributes from monolith {msgProps: Object, appProps: null, context: Object, queued: false, flushLogsImmediately: false} @ https://mailchimp.com/cdn/product/release/dist/js-src/73550.ab2c6c14344a6302.js:0
[  170603ms] [LOG] IPDAttributesProvider: Received attributes from monolith {msgProps: Object, appProps: null, context: Object, queued: false, flushLogsImmediately: false} @ https://mailchimp.com/cdn/product/release/dist/js-src/73550.ab2c6c14344a6302.js:0
[  170607ms] [WARNING] No profiler to end (not active or queued) @ https://mailchimp.com/cdn/product/release/dist/js-src/73550.ab2c6c14344a6302.js:0
[  170607ms] [WARNING] No profiler to end (not active or queued) @ https://mailchimp.com/cdn/product/release/dist/js-src/73550.ab2c6c14344a6302.js:0
[  170629ms] [LOG] Info in [MHP-RNA] useMarketingSnapshotMetricVizLib: ⚡ CDP Query Performance: Last 30 Days (30 days) - 283ms {msgProps: Object, appProps: null, context: Object, queued: false, flushLogsImmediately: false} @ https://mailchimp.com/cdn/product/release/dist/js-src/73550.ab2c6c14344a6302.js:0
[  170630ms] [LOG] Info in [MHP-RNA] MarketingSnapshot: onReady callback fired {msgProps: Object, appProps: null, context: Object, queued: false, flushLogsImmediately: false} @ https://mailchimp.com/cdn/product/release/dist/js-src/73550.ab2c6c14344a6302.js:0
[  170643ms] [LOG] Info in [MHP-RNA] MarketingSnapshot ECS Tracking: Widget view tracked {msgProps: Object, appProps: null, context: Object, queued: false, flushLogsImmediately: false} @ https://mailchimp.com/cdn/product/release/dist/js-src/73550.ab2c6c14344a6302.js:0
[  170644ms] [LOG] Info in HOMEPAGE_PERFORMANCE_TRACKING: OBX_HOMEPAGE_PAGEREADY_METRICS {msgProps: Object, appProps: null, context: Object, queued: false, flushLogsImmediately: false} @ https://mailchimp.com/cdn/product/release/dist/js-src/73550.ab2c6c14344a6302.js:0
[  170644ms] [LOG] Info in HOMEPAGE_PERFORMANCE_TRACKING: OBX_HOMEPAGE_PAGEREADY_METRICS {msgProps: Object, appProps: null, context: Object, queued: false, flushLogsImmediately: false} @ https://mailchimp.com/cdn/product/release/dist/js-src/73550.ab2c6c14344a6302.js:0
[  170645ms] [ERROR] AccessPoint: accessToken is required and must be a non-empty string {msgProps: null, appProps: null, context: Object, queued: false, flushLogsImmediately: false} @ https://mailchimp.com/cdn/product/release/dist/js-src/73550.ab2c6c14344a6302.js:0
[  170645ms] [ERROR] AccessPoint: accessToken is required and must be a non-empty string {msgProps: null, appProps: null, context: Object, queued: false, flushLogsImmediately: false} @ https://mailchimp.com/cdn/product/release/dist/js-src/73550.ab2c6c14344a6302.js:0
[  170646ms] [WARNING] Deprecation Warning: id prop has been deprecated. Use widgetId instead. {msgProps: null, appProps: null, context: Object, queued: false, flushLogsImmediately: false} @ https://mailchimp.com/cdn/product/release/dist/js-src/73550.ab2c6c14344a6302.js:0
[  170646ms] [WARNING] Deprecation Warning: id prop has been deprecated. Use widgetId instead. {msgProps: null, appProps: null, context: Object, queued: false, flushLogsImmediately: false} @ https://mailchimp.com/cdn/product/release/dist/js-src/73550.ab2c6c14344a6302.js:0
[  170664ms] [LOG] IPDAttributesProvider: Received attributes from monolith {msgProps: Object, appProps: null, context: Object, queued: false, flushLogsImmediately: false} @ https://mailchimp.com/cdn/product/release/dist/js-src/73550.ab2c6c14344a6302.js:0
[  170664ms] [LOG] IPDAttributesProvider: Received attributes from monolith {msgProps: Object, appProps: null, context: Object, queued: false, flushLogsImmediately: false} @ https://mailchimp.com/cdn/product/release/dist/js-src/73550.ab2c6c14344a6302.js:0
[  170665ms] [LOG] IPDAttributesProvider: Received attributes from monolith {msgProps: Object, appProps: null, context: Object, queued: false, flushLogsImmediately: false} @ https://mailchimp.com/cdn/product/release/dist/js-src/73550.ab2c6c14344a6302.js:0
[  170666ms] [LOG] IPDAttributesProvider: Received attributes from monolith {msgProps: Object, appProps: null, context: Object, queued: false, flushLogsImmediately: false} @ https://mailchimp.com/cdn/product/release/dist/js-src/73550.ab2c6c14344a6302.js:0
[  170667ms] [LOG] IPDAttributesProvider: Received attributes from monolith {msgProps: Object, appProps: null, context: Object, queued: false, flushLogsImmediately: false} @ https://mailchimp.com/cdn/product/release/dist/js-src/73550.ab2c6c14344a6302.js:0
[  170667ms] [LOG] IPDAttributesProvider: Received attributes from monolith {msgProps: Object, appProps: null, context: Object, queued: false, flushLogsImmediately: false} @ https://mailchimp.com/cdn/product/release/dist/js-src/73550.ab2c6c14344a6302.js:0
[  170669ms] [LOG] IPDAttributesProvider: Received attributes from monolith {msgProps: Object, appProps: null, context: Object, queued: false, flushLogsImmediately: false} @ https://mailchimp.com/cdn/product/release/dist/js-src/73550.ab2c6c14344a6302.js:0
[  170685ms] [LOG] IPDAttributesProvider: Received attributes from monolith {msgProps: Object, appProps: null, context: Object, queued: false, flushLogsImmediately: false} @ https://mailchimp.com/cdn/product/release/dist/js-src/73550.ab2c6c14344a6302.js:0
[  170693ms] [LOG] IPDAttributesProvider: Received attributes from monolith {msgProps: Object, appProps: null, context: Object, queued: false, flushLogsImmediately: false} @ https://mailchimp.com/cdn/product/release/dist/js-src/73550.ab2c6c14344a6302.js:0
[  170693ms] [LOG] IPDAttributesProvider: Received attributes from monolith {msgProps: Object, appProps: null, context: Object, queued: false, flushLogsImmediately: false} @ https://mailchimp.com/cdn/product/release/dist/js-src/73550.ab2c6c14344a6302.js:0
[  170694ms] [LOG] IPDAttributesProvider: Received attributes from monolith {msgProps: Object, appProps: null, context: Object, queued: false, flushLogsImmediately: false} @ https://mailchimp.com/cdn/product/release/dist/js-src/73550.ab2c6c14344a6302.js:0
[  170695ms] [LOG] IPDAttributesProvider: Received attributes from monolith {msgProps: Object, appProps: null, context: Object, queued: false, flushLogsImmediately: false} @ https://mailchimp.com/cdn/product/release/dist/js-src/73550.ab2c6c14344a6302.js:0
[  170695ms] [LOG] widget-first-display {msgProps: Object, appProps: null, context: Object, queued: false, flushLogsImmediately: false} @ https://mailchimp.com/cdn/product/release/dist/js-src/73550.ab2c6c14344a6302.js:0
[  170696ms] [LOG] widget-ready {msgProps: Object, appProps: null, context: Object, queued: false, flushLogsImmediately: false} @ https://mailchimp.com/cdn/product/release/dist/js-src/73550.ab2c6c14344a6302.js:0
[  170698ms] [LOG] widget-request-start {msgProps: Object, appProps: null, context: Object, queued: false, flushLogsImmediately: false} @ https://mailchimp.com/cdn/product/release/dist/js-src/73550.ab2c6c14344a6302.js:0
[  170699ms] [LOG] widget-request-start {msgProps: Object, appProps: null, context: Object, queued: false, flushLogsImmediately: false} @ https://mailchimp.com/cdn/product/release/dist/js-src/73550.ab2c6c14344a6302.js:0
[  170700ms] [LOG] widget-load-start {msgProps: Object, appProps: null, context: Object, queued: false, flushLogsImmediately: false} @ https://mailchimp.com/cdn/product/release/dist/js-src/73550.ab2c6c14344a6302.js:0
[  170701ms] [LOG] widget-load-start {msgProps: Object, appProps: null, context: Object, queued: false, flushLogsImmediately: false} @ https://mailchimp.com/cdn/product/release/dist/js-src/73550.ab2c6c14344a6302.js:0
[  170755ms] [LOG] Info in actionableInsightsService: GraphQL success {msgProps: Object, appProps: null, context: Object, queued: false, flushLogsImmediately: false} @ https://mailchimp.com/cdn/product/release/dist/js-src/73550.ab2c6c14344a6302.js:0
[  170756ms] [LOG] Info in actionableInsightsService: Fetched insights {msgProps: Object, appProps: null, context: Object, queued: false, flushLogsImmediately: false} @ https://mailchimp.com/cdn/product/release/dist/js-src/73550.ab2c6c14344a6302.js:0
[  170757ms] [LOG] Info in useActionableInsightsData: Successfully loaded insights {msgProps: Object, appProps: null, context: Object, queued: false, flushLogsImmediately: false} @ https://mailchimp.com/cdn/product/release/dist/js-src/73550.ab2c6c14344a6302.js:0
[  170828ms] [LOG] widget-load-end {msgProps: Object, appProps: null, context: Object, queued: false, flushLogsImmediately: false} @ https://mailchimp.com/cdn/product/release/dist/js-src/73550.ab2c6c14344a6302.js:0
[  170830ms] [LOG] widget-load-end {msgProps: Object, appProps: null, context: Object, queued: false, flushLogsImmediately: false} @ https://mailchimp.com/cdn/product/release/dist/js-src/73550.ab2c6c14344a6302.js:0
[  170844ms] [ERROR] WidgetManager: widgetEntity not found for discoveryRecs
: Error: WidgetManager: widgetEntity not found for discoveryRecs
: {"startTime":"2026-09-28T10:10:41.271Z","widgetId":"discoveryRecs","widgetVersion":"1.0.0","isPreloadWidget":false,"consumingWidgetId":"ipd/page-message","consumingPluginId":"marketing-ipd-tsa-widgets","consumingWidgetInstanceId":"marketing-ipd-tsa-widgets:ipd/page-message@1.0.0:1137","consumingWidgetVersion":"1.0.0","failureReason":"WIDGET_ID_NOT_REGISTERED","requestedVersion":"1.0.0","availableVersions":[],"registeredWidgetCount":657,"registeredPluginCount":92}

Error: WidgetManager: widgetEntity not found for discoveryRecs
    at c._handleMissingWidgetEntity (https://plugin.intuitcdn.net/web-shell/5.289.1-apr.3544.b.50/integration/3279.js:1:14088)
    at https://plugin.intuitcdn.net/web-shell/5.289.1-apr.3544.b.50/integration/3279.js:1:17689 @ https://mailchimp.com/cdn/product/release/dist/js-src/73550.ab2c6c14344a6302.js:0
[  170845ms] [ERROR] WidgetManager: widgetEntity not found for discoveryRecs
: Error: WidgetManager: widgetEntity not found for discoveryRecs
: {"startTime":"2026-09-28T10:10:41.271Z","widgetId":"discoveryRecs","widgetVersion":"1.0.0","isPreloadWidget":false,"consumingWidgetId":"ipd/page-message","consumingPluginId":"marketing-ipd-tsa-widgets","consumingWidgetInstanceId":"marketing-ipd-tsa-widgets:ipd/page-message@1.0.0:1139","consumingWidgetVersion":"1.0.0","failureReason":"WIDGET_ID_NOT_REGISTERED","requestedVersion":"1.0.0","availableVersions":[],"registeredWidgetCount":657,"registeredPluginCount":92}

Error: WidgetManager: widgetEntity not found for discoveryRecs
    at c._handleMissingWidgetEntity (https://plugin.intuitcdn.net/web-shell/5.289.1-apr.3544.b.50/integration/3279.js:1:14088)
    at https://plugin.intuitcdn.net/web-shell/5.289.1-apr.3544.b.50/integration/3279.js:1:17689 @ https://mailchimp.com/cdn/product/release/dist/js-src/73550.ab2c6c14344a6302.js:0
[  170845ms] [ERROR] WidgetManager: widgetEntity not found for discoveryRecs {msgProps: Object, appProps: null, context: Object, queued: false, flushLogsImmediately: true} Error: WidgetManager: widgetEntity not found for discoveryRecs
    at c._handleMissingWidgetEntity (https://plugin.intuitcdn.net/web-shell/5.289.1-apr.3544.b.50/integration/3279.js:1:14088)
    at https://plugin.intuitcdn.net/web-shell/5.289.1-apr.3544.b.50/integration/3279.js:1:17689 @ https://mailchimp.com/cdn/product/release/dist/js-src/73550.ab2c6c14344a6302.js:0
[  170849ms] [ERROR] WidgetManager: widgetEntity not found for discoveryRecs {msgProps: Object, appProps: null, context: Object, queued: false, flushLogsImmediately: true} Error: WidgetManager: widgetEntity not found for discoveryRecs
    at c._handleMissingWidgetEntity (https://plugin.intuitcdn.net/web-shell/5.289.1-apr.3544.b.50/integration/3279.js:1:14088)
    at https://plugin.intuitcdn.net/web-shell/5.289.1-apr.3544.b.50/integration/3279.js:1:17689 @ https://mailchimp.com/cdn/product/release/dist/js-src/73550.ab2c6c14344a6302.js:0
[  170872ms] [LOG] widget-mount {msgProps: Object, appProps: null, context: Object, queued: false, flushLogsImmediately: false} @ https://mailchimp.com/cdn/product/release/dist/js-src/73550.ab2c6c14344a6302.js:0
[  170873ms] [LOG] widget-mount {msgProps: Object, appProps: null, context: Object, queued: false, flushLogsImmediately: false} @ https://mailchimp.com/cdn/product/release/dist/js-src/73550.ab2c6c14344a6302.js:0
[  170874ms] [LOG] widget-request-start {msgProps: Object, appProps: null, context: Object, queued: false, flushLogsImmediately: false} @ https://mailchimp.com/cdn/product/release/dist/js-src/73550.ab2c6c14344a6302.js:0
[  170875ms] [LOG] widget-request-start {msgProps: Object, appProps: null, context: Object, queued: false, flushLogsImmediately: false} @ https://mailchimp.com/cdn/product/release/dist/js-src/73550.ab2c6c14344a6302.js:0
[  170876ms] [LOG] widget-manager-error {msgProps: Object, appProps: null, context: Object, queued: false, flushLogsImmediately: false} @ https://mailchimp.com/cdn/product/release/dist/js-src/73550.ab2c6c14344a6302.js:0
[  170879ms] [LOG] widget-manager-error {msgProps: Object, appProps: null, context: Object, queued: false, flushLogsImmediately: false} @ https://mailchimp.com/cdn/product/release/dist/js-src/73550.ab2c6c14344a6302.js:0
[  170895ms] [LOG] WebEvents: loading controller {} @ https://mailchimp.com/cdn/product/release/dist/js-src/73550.ab2c6c14344a6302.js:0
[  170895ms] [LOG] WebEvents: importing_and_initializing_pubsub_and_transport {} @ https://mailchimp.com/cdn/product/release/dist/js-src/73550.ab2c6c14344a6302.js:0
[  170897ms] [LOG] WebEvents: getting_transport_code {} @ https://mailchimp.com/cdn/product/release/dist/js-src/73550.ab2c6c14344a6302.js:0
[  170926ms] [LOG] CONVERSATION_REHYDRATOR_AUTH_ID_FROM_TOKEN_SUCCESS:OWNER=UNKNOWN {msgProps: Object, appProps: null, context: Object, queued: false, flushLogsImmediately: false} @ https://mailchimp.com/cdn/product/release/dist/js-src/73550.ab2c6c14344a6302.js:0
[  170927ms] [LOG] CONVERSATION_REHYDRATOR_CUSTOMER_JOINED_SUBSCRIBE:OWNER=UNKNOWN {msgProps: Object, appProps: null, context: Object, queued: false, flushLogsImmediately: false} @ https://mailchimp.com/cdn/product/release/dist/js-src/73550.ab2c6c14344a6302.js:0
[  170928ms] [LOG] CONVERSATION_REHYDRATOR_CUSTOMER_JOINED_SUBSCRIBE_SUCCESS:OWNER=UNKNOWN {msgProps: Object, appProps: null, context: Object, queued: false, flushLogsImmediately: false} @ https://mailchimp.com/cdn/product/release/dist/js-src/73550.ab2c6c14344a6302.js:0
[  170928ms] [LOG] CONVERSATION_REHYDRATOR_CUSTOMER_INITIATED_MEETING_SUBSCRIBE:OWNER=UNKNOWN {msgProps: Object, appProps: null, context: Object, queued: false, flushLogsImmediately: false} @ https://mailchimp.com/cdn/product/release/dist/js-src/73550.ab2c6c14344a6302.js:0
[  170929ms] [LOG] CONVERSATION_REHYDRATOR_CUSTOMER_INITIATED_MEETING_SUBSCRIBE_SUCCESS:OWNER=UNKNOWN {msgProps: Object, appProps: null, context: Object, queued: false, flushLogsImmediately: false} @ https://mailchimp.com/cdn/product/release/dist/js-src/73550.ab2c6c14344a6302.js:0
[  170929ms] [LOG] conversation_rehydration:OWNER=UNKNOWN {msgProps: Object, appProps: null, context: Object, queued: false, flushLogsImmediately: false} @ https://mailchimp.com/cdn/product/release/dist/js-src/73550.ab2c6c14344a6302.js:0
[  170937ms] [LOG] Queuing a session check in  1454.4 @ https://mailchimp.com/cdn/product/release/dist/js-src/73550.ab2c6c14344a6302.js:0
[  170975ms] [LOG] WebEvents: subscribing_adding_to_pubsub {topic: conversation.management.intuit, target: 9411826025528801, configs.resourceOwner: 9411826025528801, configs.trackConnection: true, configs.txId: dbb74720-dc64-4dd7-b362-a1dde843ea78} @ https://mailchimp.com/cdn/product/release/dist/js-src/73550.ab2c6c14344a6302.js:0
[  170975ms] [LOG] WebEvents: subscription_added_to_pubsub {topic: conversation.management.intuit, target: 9411826025528801, token: _pubsub_uuid_0} @ https://mailchimp.com/cdn/product/release/dist/js-src/73550.ab2c6c14344a6302.js:0
[  170976ms] [LOG] WebEvents: adding_remote_topic {topic: conversation.management.intuit, target: 9411826025528801, options.resourceOwner: 9411826025528801, options.trackConnection: true, options.txId: dbb74720-dc64-4dd7-b362-a1dde843ea78} @ https://mailchimp.com/cdn/product/release/dist/js-src/73550.ab2c6c14344a6302.js:0
[  171008ms] [LOG] Info in useAudienceWithAnalytics: Audience data loaded successfully {msgProps: Object, appProps: null, context: Object, queued: false, flushLogsImmediately: false} @ https://mailchimp.com/cdn/product/release/dist/js-src/73550.ab2c6c14344a6302.js:0
[  171032ms] [LOG] Info in [MHP-RNA] useAudienceMetricVizLib: ⚡ CDP Query Performance: Last 30 Days (30 days) - 700ms {msgProps: Object, appProps: null, context: Object, queued: false, flushLogsImmediately: false} @ https://mailchimp.com/cdn/product/release/dist/js-src/73550.ab2c6c14344a6302.js:0
[  171033ms] [LOG] Info in [MHP-RNA] useAudienceWithAnalytics: onReady callback fired {msgProps: Object, appProps: null, context: Object, queued: false, flushLogsImmediately: false} @ https://mailchimp.com/cdn/product/release/dist/js-src/73550.ab2c6c14344a6302.js:0
[  171033ms] [LOG] Info in [MHP-RNA] Audience: Display state changed {msgProps: Object, appProps: null, context: Object, queued: false, flushLogsImmediately: false} @ https://mailchimp.com/cdn/product/release/dist/js-src/73550.ab2c6c14344a6302.js:0
[  171035ms] [LOG] Info in [MHP-RNA] Audience ECS Tracking: Widget view tracked {msgProps: Object, appProps: null, context: Object, queued: false, flushLogsImmediately: false} @ https://mailchimp.com/cdn/product/release/dist/js-src/73550.ab2c6c14344a6302.js:0
[  171054ms] [LOG] Info in getXApiToken: Successfully obtained XAPI token for consumerId: mc-metrics-viz-gql {msgProps: Object, appProps: null, context: Object, queued: false, flushLogsImmediately: false} @ https://mailchimp.com/cdn/product/release/dist/js-src/73550.ab2c6c14344a6302.js:0
[  171055ms] [LOG] Info in useMetricVizLib: FCI interaction started successfully {msgProps: Object, appProps: null, context: Object, queued: false, flushLogsImmediately: false} @ https://mailchimp.com/cdn/product/release/dist/js-src/73550.ab2c6c14344a6302.js:0
[  171056ms] [LOG] widget-first-display {msgProps: Object, appProps: null, context: Object, queued: false, flushLogsImmediately: false} @ https://mailchimp.com/cdn/product/release/dist/js-src/73550.ab2c6c14344a6302.js:0
[  171057ms] [LOG] widget-ready {msgProps: Object, appProps: null, context: Object, queued: false, flushLogsImmediately: false} @ https://mailchimp.com/cdn/product/release/dist/js-src/73550.ab2c6c14344a6302.js:0
[  171062ms] [LOG] Info in useAnalyticsConfig: Reused preloaded analytics config {msgProps: Object, appProps: null, context: Object, queued: false, flushLogsImmediately: false} @ https://mailchimp.com/cdn/product/release/dist/js-src/73550.ab2c6c14344a6302.js:0
[  171104ms] [LOG] Queuing a session check in  1454.4 @ https://mailchimp.com/cdn/product/release/dist/js-src/73550.ab2c6c14344a6302.js:0
[  171190ms] [ERROR] Failed to load resource: the server responded with a status of 403 () @ https://uxfabric.intuitcdn.net/dtc/prod/mc-homepage-ui/2.490.1/mc-homepage-ui/recent-campaigns/1.0.0/config.json:0
[  171192ms] [ERROR] {"fileName":"dynamicEventing.js","trackingApplication":"tracking-core","methodName":"handleDynamicPayload","errorType":"Dynamic_Eventing_Data_Fetch_Failure","errorMessage":"primary fetch returned status code 403 - attempting backup: ","errorData":{"url":"https://uxfabric.intuitcdn.net/dtc/prod/mc-homepage-ui/2.490.1/mc-homepage-ui/recent-campaigns/1.0.0/config.json"}} {msgProps: Object, appProps: null, context: Object, queued: false, flushLogsImmediately: true} @ https://mailchimp.com/cdn/product/release/dist/js-src/73550.ab2c6c14344a6302.js:0
[  171211ms] [LOG] Fingerprints did not return a response for SBSEGMAILCHIMPFCFloating {msgProps: null, appProps: null, context: Object, queued: false, flushLogsImmediately: false} @ https://mailchimp.com/cdn/product/release/dist/js-src/73550.ab2c6c14344a6302.js:0
[  171218ms] [LOG] Fingerprints did not return a response for SBSEGMAILCHIMPBannerGlobalAlertBanner {msgProps: null, appProps: null, context: Object, queued: false, flushLogsImmediately: false} @ https://mailchimp.com/cdn/product/release/dist/js-src/73550.ab2c6c14344a6302.js:0
[  171222ms] [LOG] widget-first-display {msgProps: Object, appProps: null, context: Object, queued: false, flushLogsImmediately: false} @ https://mailchimp.com/cdn/product/release/dist/js-src/73550.ab2c6c14344a6302.js:0
[  171223ms] [LOG] widget-ready {msgProps: Object, appProps: null, context: Object, queued: false, flushLogsImmediately: false} @ https://mailchimp.com/cdn/product/release/dist/js-src/73550.ab2c6c14344a6302.js:0
[  171264ms] [LOG] Fingerprints did not return a response for SBSEGMAILCHIMPHelloboxHomepageTopBanner {msgProps: null, appProps: null, context: Object, queued: false, flushLogsImmediately: false} @ https://mailchimp.com/cdn/product/release/dist/js-src/73550.ab2c6c14344a6302.js:0
[  171267ms] [LOG] widget-first-display {msgProps: Object, appProps: null, context: Object, queued: false, flushLogsImmediately: false} @ https://mailchimp.com/cdn/product/release/dist/js-src/73550.ab2c6c14344a6302.js:0
[  171268ms] [LOG] widget-ready {msgProps: Object, appProps: null, context: Object, queued: false, flushLogsImmediately: false} @ https://mailchimp.com/cdn/product/release/dist/js-src/73550.ab2c6c14344a6302.js:0
[  171269ms] [LOG] widget-first-display {msgProps: Object, appProps: null, context: Object, queued: false, flushLogsImmediately: false} @ https://mailchimp.com/cdn/product/release/dist/js-src/73550.ab2c6c14344a6302.js:0
[  171270ms] [LOG] widget-ready {msgProps: Object, appProps: null, context: Object, queued: false, flushLogsImmediately: false} @ https://mailchimp.com/cdn/product/release/dist/js-src/73550.ab2c6c14344a6302.js:0
[  171344ms] [LOG] Fingerprints did not return a response for SBSEGMAILCHIMPHelloboxHomeRecsForYou {msgProps: null, appProps: null, context: Object, queued: false, flushLogsImmediately: false} @ https://mailchimp.com/cdn/product/release/dist/js-src/73550.ab2c6c14344a6302.js:0
[  171348ms] [LOG] widget-first-display {msgProps: Object, appProps: null, context: Object, queued: false, flushLogsImmediately: false} @ https://mailchimp.com/cdn/product/release/dist/js-src/73550.ab2c6c14344a6302.js:0
[  171349ms] [LOG] widget-ready {msgProps: Object, appProps: null, context: Object, queued: false, flushLogsImmediately: false} @ https://mailchimp.com/cdn/product/release/dist/js-src/73550.ab2c6c14344a6302.js:0
[  171350ms] [LOG] widget-first-display {msgProps: Object, appProps: null, context: Object, queued: false, flushLogsImmediately: false} @ https://mailchimp.com/cdn/product/release/dist/js-src/73550.ab2c6c14344a6302.js:0
[  171351ms] [LOG] widget-ready {msgProps: Object, appProps: null, context: Object, queued: false, flushLogsImmediately: false} @ https://mailchimp.com/cdn/product/release/dist/js-src/73550.ab2c6c14344a6302.js:0
[  171400ms] [LOG] Fetched conversations from ccs {msgProps: Object, appProps: null, context: Object, queued: false, flushLogsImmediately: false} @ https://mailchimp.com/cdn/product/release/dist/js-src/73550.ab2c6c14344a6302.js:0
[  171401ms] [LOG] CHAT: getOpenConversation candidates {msgProps: Object, appProps: null, context: Object, queued: false, flushLogsImmediately: false} @ https://mailchimp.com/cdn/product/release/dist/js-src/73550.ab2c6c14344a6302.js:0
[  171401ms] [LOG] CHAT: Conversion API response for chat hydration, conversationState: undefined {msgProps: Object, appProps: null, context: Object, queued: false, flushLogsImmediately: false} @ https://mailchimp.com/cdn/product/release/dist/js-src/73550.ab2c6c14344a6302.js:0
[  171402ms] [LOG] CHAT: no open conversation found {msgProps: Object, appProps: null, context: Object, queued: false, flushLogsImmediately: false} @ https://mailchimp.com/cdn/product/release/dist/js-src/73550.ab2c6c14344a6302.js:0
[  171464ms] [LOG] CONVERSATION_REHYDRATOR_SEARCH_CONVERSATION_V2_SUCCESS:OWNER=UNKNOWN {msgProps: Object, appProps: null, context: Object, queued: false, flushLogsImmediately: false} @ https://mailchimp.com/cdn/product/release/dist/js-src/73550.ab2c6c14344a6302.js:0
[  171584ms] [LOG] Info in useMetricVizLib: FCI interaction completed successfully {msgProps: Object, appProps: null, context: Object, queued: false, flushLogsImmediately: false} @ https://mailchimp.com/cdn/product/release/dist/js-src/73550.ab2c6c14344a6302.js:0
[  171612ms] [LOG] Info in [MHP] useRecentCampaignsMetricVizLib: ⚡ CDP Query Performance: CDP - 1467ms {msgProps: Object, appProps: null, context: Object, queued: false, flushLogsImmediately: false} @ https://mailchimp.com/cdn/product/release/dist/js-src/73550.ab2c6c14344a6302.js:0
[  171612ms] [LOG] WebEvents: connecting_to_backend
: {"url":"wss://eventinggateway.api.intuit.com/v1/webevents","tid":"d21d0c95-be20-40b5-b6c9-a21df9b5cd1a"} @ https://mailchimp.com/cdn/product/release/dist/js-src/73550.ab2c6c14344a6302.js:0
[  172019ms] [LOG] WebEvents: Rsocket_connection_established_waiting_for_response {} @ https://mailchimp.com/cdn/product/release/dist/js-src/73550.ab2c6c14344a6302.js:0
[  172020ms] [LOG] WebEvents: connected_to_backend {} @ https://mailchimp.com/cdn/product/release/dist/js-src/73550.ab2c6c14344a6302.js:0
[  172020ms] [LOG] WebEvents: process_pending_subscription_topics
: {"toAddLength":1} @ https://mailchimp.com/cdn/product/release/dist/js-src/73550.ab2c6c14344a6302.js:0
[  172020ms] [LOG] WebEvents: subscribing_to_topic_on_backend
: {"txId":"dbb74720-dc64-4dd7-b362-a1dde843ea78","topic":"conversation.management.intuit","target":"9411826025528801","wem.txId":"dbb74720-dc64-4dd7-b362-a1dde843ea78","wem.spanId":"10b775d7e8188e45","wem.traceId":"b7215c89a6948ec279c4a3c7e850902c"} @ https://mailchimp.com/cdn/product/release/dist/js-src/73550.ab2c6c14344a6302.js:0
[  172022ms] [WARNING] WebEvents: rsocket_connection_status_changed
: {"status":"CONNECTED","txId":"d21d0c95-be20-40b5-b6c9-a21df9b5cd1a","connectionRetries":0} @ https://mailchimp.com/cdn/product/release/dist/js-src/73550.ab2c6c14344a6302.js:0
[  172022ms] [LOG] WebEvents: connected_with_rsocket_reference_id
: {"currentConnectionUUID":"8fe5256f-2d2c-461b-83f3-82114d7cb137"} @ https://mailchimp.com/cdn/product/release/dist/js-src/73550.ab2c6c14344a6302.js:0
[  172022ms] [WARNING] WebEvents: rsocket_connection_status_changed {msgProps: Object, appProps: null, context: Object, queued: false, flushLogsImmediately: false} @ https://mailchimp.com/cdn/product/release/dist/js-src/73550.ab2c6c14344a6302.js:0
[  172122ms] [LOG] WebEvents: received_metadatapush_event_from_backend
: {"operation":"connectionInfo"} @ https://mailchimp.com/cdn/product/release/dist/js-src/73550.ab2c6c14344a6302.js:0
[  172122ms] [LOG] WebEvents: received_connectionId_on_connect {connectionInfo.connId: 1-6aba3d22-3a1c59ed43b219137b735214, connectionInfo.currentConnectionUUID: 8fe5256f-2d2c-461b-83f3-82114d7cb137} @ https://mailchimp.com/cdn/product/release/dist/js-src/73550.ab2c6c14344a6302.js:0
[  172122ms] [LOG] WebEvents: received_connectionId  {txId: d21d0c95-be20-40b5-b6c9-a21df9b5cd1a, connectionInfo.connId: 1-6aba3d22-3a1c59ed43b219137b735214, connectionInfo.currentConnectionUUID: 8fe5256f-2d2c-461b-83f3-82114d7cb137} @ https://mailchimp.com/cdn/product/release/dist/js-src/73550.ab2c6c14344a6302.js:0
[  172124ms] [LOG] WebEvents: subscribed_to_topic_on_backend
: {"topic":"conversation.management.intuit","target":"9411826025528801","response":"{\"subscribedTopics\":[\"conversation.management.intuit.9411826025528801\"],\"intuit_tid\":\"dbb74720-dc64-4dd7-b362-a1dde843ea78\",\"invalidTopics\":[],\"connectionId\":\"1-6aba3d22-3a1c59ed43b219137b735214\"}","txId":"dbb74720-dc64-4dd7-b362-a1dde843ea78","connectionInfo.connId":"1-6aba3d22-3a1c59ed43b219137b735214","connectionInfo.currentConnectionUUID":"8fe5256f-2d2c-461b-83f3-82114d7cb137","critical":true} @ https://mailchimp.com/cdn/product/release/dist/js-src/73550.ab2c6c14344a6302.js:0
[  172124ms] [LOG] WebEvents: added_remote_topic {topic: conversation.management.intuit, target: 9411826025528801, options.resourceOwner: 9411826025528801, options.trackConnection: true, options.txId: dbb74720-dc64-4dd7-b362-a1dde843ea78} @ https://mailchimp.com/cdn/product/release/dist/js-src/73550.ab2c6c14344a6302.js:0
[  172127ms] [LOG] CONVERSATION_HUB_LISTENING_TO: conversation.management.intuit:OWNER=UNKNOWN {msgProps: Object, appProps: null, context: Object, queued: false, flushLogsImmediately: false} @ https://mailchimp.com/cdn/product/release/dist/js-src/73550.ab2c6c14344a6302.js:0
[  172701ms] [LOG] FAB interactive state set {msgProps: Object, appProps: null, context: Object, queued: false, flushLogsImmediately: false} @ https://mailchimp.com/cdn/product/release/dist/js-src/73550.ab2c6c14344a6302.js:0
[  173268ms] [LOG] Info in [MHP] useRecentCampaignsAudienceCounts: ⚡ CDP Query Performance: Monolith - 3081ms {msgProps: Object, appProps: null, context: Object, queued: false, flushLogsImmediately: false} @ https://mailchimp.com/cdn/product/release/dist/js-src/73550.ab2c6c14344a6302.js:0
[  174908ms] [LOG] Queuing a session check in  1454.4 @ https://mailchimp.com/cdn/product/release/dist/js-src/73550.ab2c6c14344a6302.js:0
[  177079ms] [LOG] widget-request-start {msgProps: Object, appProps: null, context: Object, queued: false, flushLogsImmediately: false} @ https://mailchimp.com/cdn/product/release/dist/js-src/73550.ab2c6c14344a6302.js:0
[  177081ms] [LOG] widget-load-start {msgProps: Object, appProps: null, context: Object, queued: false, flushLogsImmediately: false} @ https://mailchimp.com/cdn/product/release/dist/js-src/73550.ab2c6c14344a6302.js:0
[  177103ms] [WARNING] Unsatisfied version 10.3.1--pr.2531.59 from ADKJSONP of shared singleton module @appfabric/web-shell-core/widgets/BaseWidget (required =9.43.1) @ https://mailchimp.com/cdn/product/release/dist/js-src/73550.ab2c6c14344a6302.js:0
[  177104ms] [WARNING] Unsatisfied version 9.126.0 from mc-homepage-ui of shared singleton module @appfabric/web-shell-core/widgets/HOCWidget (required =9.43.1) @ https://mailchimp.com/cdn/product/release/dist/js-src/73550.ab2c6c14344a6302.js:0
[  177212ms] [LOG] widget-load-end {msgProps: Object, appProps: null, context: Object, queued: false, flushLogsImmediately: false} @ https://mailchimp.com/cdn/product/release/dist/js-src/73550.ab2c6c14344a6302.js:0
[  177219ms] [LOG] widget-mount {msgProps: Object, appProps: null, context: Object, queued: false, flushLogsImmediately: false} @ https://mailchimp.com/cdn/product/release/dist/js-src/73550.ab2c6c14344a6302.js:0
[  177220ms] [LOG] widget-first-display {msgProps: Object, appProps: null, context: Object, queued: false, flushLogsImmediately: false} @ https://mailchimp.com/cdn/product/release/dist/js-src/73550.ab2c6c14344a6302.js:0
[  177221ms] [LOG] widget-ready {msgProps: Object, appProps: null, context: Object, queued: false, flushLogsImmediately: false} @ https://mailchimp.com/cdn/product/release/dist/js-src/73550.ab2c6c14344a6302.js:0
[  177944ms] [LOG] SMARTLOOK_SUCCESSFULLY_FETCHED_ALL_FEATURE_FLAGS {msgProps: Object, appProps: null, context: Object, queued: false, flushLogsImmediately: false} @ https://mailchimp.com/cdn/product/release/dist/js-src/73550.ab2c6c14344a6302.js:0
[  177949ms] [LOG] widget-request-start {msgProps: Object, appProps: null, context: Object, queued: false, flushLogsImmediately: false} @ https://mailchimp.com/cdn/product/release/dist/js-src/73550.ab2c6c14344a6302.js:0
[  177950ms] [LOG] widget-load-start {msgProps: Object, appProps: null, context: Object, queued: false, flushLogsImmediately: false} @ https://mailchimp.com/cdn/product/release/dist/js-src/73550.ab2c6c14344a6302.js:0
[  177960ms] [LOG] widget-load-end {msgProps: Object, appProps: null, context: Object, queued: false, flushLogsImmediately: false} @ https://mailchimp.com/cdn/product/release/dist/js-src/73550.ab2c6c14344a6302.js:0
[  177977ms] [LOG] widget-mount {msgProps: Object, appProps: null, context: Object, queued: false, flushLogsImmediately: false} @ https://mailchimp.com/cdn/product/release/dist/js-src/73550.ab2c6c14344a6302.js:0
[  177978ms] [LOG] widget-first-display {msgProps: Object, appProps: null, context: Object, queued: false, flushLogsImmediately: false} @ https://mailchimp.com/cdn/product/release/dist/js-src/73550.ab2c6c14344a6302.js:0
[  177978ms] [LOG] widget-ready {msgProps: Object, appProps: null, context: Object, queued: false, flushLogsImmediately: false} @ https://mailchimp.com/cdn/product/release/dist/js-src/73550.ab2c6c14344a6302.js:0
[  177981ms] [LOG] widget-ready {msgProps: Object, appProps: null, context: Object, queued: false, flushLogsImmediately: false} @ https://mailchimp.com/cdn/product/release/dist/js-src/73550.ab2c6c14344a6302.js:0
[  177982ms] [LOG] widget-request-start {msgProps: Object, appProps: null, context: Object, queued: false, flushLogsImmediately: false} @ https://mailchimp.com/cdn/product/release/dist/js-src/73550.ab2c6c14344a6302.js:0
[  177983ms] [LOG] widget-load-start {msgProps: Object, appProps: null, context: Object, queued: false, flushLogsImmediately: false} @ https://mailchimp.com/cdn/product/release/dist/js-src/73550.ab2c6c14344a6302.js:0
[  178168ms] [LOG] widget-load-end {msgProps: Object, appProps: null, context: Object, queued: false, flushLogsImmediately: false} @ https://mailchimp.com/cdn/product/release/dist/js-src/73550.ab2c6c14344a6302.js:0
[  178173ms] [LOG] SMARTLOOK_CUSTOMER_COBROWSE_HOST_WIDGET_RENDERED {msgProps: Object, appProps: null, context: Object, queued: false, flushLogsImmediately: false} @ https://mailchimp.com/cdn/product/release/dist/js-src/73550.ab2c6c14344a6302.js:0
[  178175ms] [LOG] widget-mount {msgProps: Object, appProps: null, context: Object, queued: false, flushLogsImmediately: false} @ https://mailchimp.com/cdn/product/release/dist/js-src/73550.ab2c6c14344a6302.js:0
[  178176ms] [LOG] widget-first-display {msgProps: Object, appProps: null, context: Object, queued: false, flushLogsImmediately: false} @ https://mailchimp.com/cdn/product/release/dist/js-src/73550.ab2c6c14344a6302.js:0
[  178177ms] [LOG] widget-ready {msgProps: Object, appProps: null, context: Object, queued: false, flushLogsImmediately: false} @ https://mailchimp.com/cdn/product/release/dist/js-src/73550.ab2c6c14344a6302.js:0
[  178179ms] [LOG] widget-ready {msgProps: Object, appProps: null, context: Object, queued: false, flushLogsImmediately: false} @ https://mailchimp.com/cdn/product/release/dist/js-src/73550.ab2c6c14344a6302.js:0
[  178180ms] [LOG] widget-ready {msgProps: Object, appProps: null, context: Object, queued: false, flushLogsImmediately: false} @ https://mailchimp.com/cdn/product/release/dist/js-src/73550.ab2c6c14344a6302.js:0
[  178195ms] [LOG] SMARTLOOK_CUSTOMER_ZOOM_INIT_SDK {msgProps: Object, appProps: null, context: Object, queued: false, flushLogsImmediately: false} @ https://mailchimp.com/cdn/product/release/dist/js-src/73550.ab2c6c14344a6302.js:0
[  178487ms] [LOG] [42m%s[0m client-core: Topest iframe: https://us10.admin.mailchimp.com @ https://mailchimp.com/cdn/product/release/dist/js-src/73550.ab2c6c14344a6302.js:0
[  178671ms] [WARNING] getZmTrackingId failed, generate new zmTrackingId: 857c9344_bfc7_4fde_994b_33114578738a @ https://mailchimp.com/cdn/product/release/dist/js-src/73550.ab2c6c14344a6302.js:0
[  179700ms] [LOG] zmTrackingId 857c9344_bfc7_4fde_994b_33114578738a @ https://mailchimp.com/cdn/product/release/dist/js-src/73550.ab2c6c14344a6302.js:0
[  179700ms] [LOG] zmDeviceId 57845dfa_f942_4873_b648_5e4aaa086360 @ https://mailchimp.com/cdn/product/release/dist/js-src/73550.ab2c6c14344a6302.js:0
[  179717ms] [WARNING] react-i18next:: You will need to pass in an i18next instance by using initReactI18next @ https://mailchimp.com/cdn/product/release/dist/js-src/73550.ab2c6c14344a6302.js:0
[  179745ms] [LOG] SMARTLOOK_CUSTOMER_ZOOM_INIT_SUCCESS {msgProps: Object, appProps: null, context: Object, queued: false, flushLogsImmediately: false} @ https://mailchimp.com/cdn/product/release/dist/js-src/73550.ab2c6c14344a6302.js:0
[  183862ms] [WARNING] [Laplace] reportUrl is not set, report will not be executed @ https://mailchimp.com/cdn/product/release/dist/js-src/73550.ab2c6c14344a6302.js:0
[  187309ms] [WARNING] The resource https://us10.admin.mailchimp.com/app-homepage/attribute?attribute=stores&list_id=906754 was preloaded using link preload but not used within a few seconds from the window's load event. Please make sure it has an appropriate `as` value and it is preloaded intentionally. @ https://us10.admin.mailchimp.com/?redirect_id=4I47Ny0Cjy:0
[  188865ms] [WARNING] [Laplace] reportUrl is not set, report will not be executed @ https://mailchimp.com/cdn/product/release/dist/js-src/73550.ab2c6c14344a6302.js:0
[  192504ms] [WARNING] The resource https://us10.admin.mailchimp.com/app-homepage/attribute?attribute=stores&list_id=906754 was preloaded using link preload but not used within a few seconds from the window's load event. Please make sure it has an appropriate `as` value and it is preloaded intentionally. @ https://us10.admin.mailchimp.com/?redirect_id=4I47Ny0Cjy:0
[  193872ms] [WARNING] [Laplace] reportUrl is not set, report will not be executed @ https://mailchimp.com/cdn/product/release/dist/js-src/73550.ab2c6c14344a6302.js:0
[  197269ms] [WARNING] The resource https://us10.admin.mailchimp.com/app-homepage/attribute?attribute=stores&list_id=906754 was preloaded using link preload but not used within a few seconds from the window's load event. Please make sure it has an appropriate `as` value and it is preloaded intentionally. @ https://us10.admin.mailchimp.com/?redirect_id=4I47Ny0Cjy:0
[  198879ms] [WARNING] [Laplace] reportUrl is not set, report will not be executed @ https://mailchimp.com/cdn/product/release/dist/js-src/73550.ab2c6c14344a6302.js:0
[  202504ms] [WARNING] The resource https://us10.admin.mailchimp.com/app-homepage/attribute?attribute=stores&list_id=906754 was preloaded using link preload but not used within a few seconds from the window's load event. Please make sure it has an appropriate `as` value and it is preloaded intentionally. @ https://us10.admin.mailchimp.com/?redirect_id=4I47Ny0Cjy:0
[  203891ms] [WARNING] [Laplace] reportUrl is not set, report will not be executed @ https://mailchimp.com/cdn/product/release/dist/js-src/73550.ab2c6c14344a6302.js:0
[  207535ms] [WARNING] The resource https://us10.admin.mailchimp.com/app-homepage/attribute?attribute=stores&list_id=906754 was preloaded using link preload but not used within a few seconds from the window's load event. Please make sure it has an appropriate `as` value and it is preloaded intentionally. @ https://us10.admin.mailchimp.com/?redirect_id=4I47Ny0Cjy:0
[  208893ms] [WARNING] [Laplace] reportUrl is not set, report will not be executed @ https://mailchimp.com/cdn/product/release/dist/js-src/73550.ab2c6c14344a6302.js:0
[  212269ms] [WARNING] The resource https://us10.admin.mailchimp.com/app-homepage/attribute?attribute=stores&list_id=906754 was preloaded using link preload but not used within a few seconds from the window's load event. Please make sure it has an appropriate `as` value and it is preloaded intentionally. @ https://us10.admin.mailchimp.com/?redirect_id=4I47Ny0Cjy:0
[  213894ms] [WARNING] [Laplace] reportUrl is not set, report will not be executed @ https://mailchimp.com/cdn/product/release/dist/js-src/73550.ab2c6c14344a6302.js:0
[  217484ms] [WARNING] The resource https://us10.admin.mailchimp.com/app-homepage/attribute?attribute=stores&list_id=906754 was preloaded using link preload but not used within a few seconds from the window's load event. Please make sure it has an appropriate `as` value and it is preloaded intentionally. @ https://us10.admin.mailchimp.com/?redirect_id=4I47Ny0Cjy:0
[  218897ms] [WARNING] [Laplace] reportUrl is not set, report will not be executed @ https://mailchimp.com/cdn/product/release/dist/js-src/73550.ab2c6c14344a6302.js:0
[  220124ms] [LOG] Queuing a session check in  1454.4 @ https://mailchimp.com/cdn/product/release/dist/js-src/73550.ab2c6c14344a6302.js:0
[  220344ms] [LOG] RecentCampaignsWidget updated {msgProps: null, appProps: null, context: Object, queued: false, flushLogsImmediately: false} @ https://mailchimp.com/cdn/product/release/dist/js-src/73550.ab2c6c14344a6302.js:0
[  220413ms] [LOG] widget-first-display {msgProps: Object, appProps: null, context: Object, queued: false, flushLogsImmediately: false} @ https://mailchimp.com/cdn/product/release/dist/js-src/73550.ab2c6c14344a6302.js:0
[  220414ms] [LOG] widget-ready {msgProps: Object, appProps: null, context: Object, queued: false, flushLogsImmediately: false} @ https://mailchimp.com/cdn/product/release/dist/js-src/73550.ab2c6c14344a6302.js:0
[  220478ms] [LOG] Info in HOMEPAGE_PERFORMANCE_TRACKING: OBX_HOMEPAGE_PERFORMANCE_METRICS {msgProps: Object, appProps: null, context: Object, queued: false, flushLogsImmediately: false} @ https://mailchimp.com/cdn/product/release/dist/js-src/73550.ab2c6c14344a6302.js:0
[  220479ms] [LOG] Info in HOMEPAGE_PERFORMANCE_TRACKING: OBX_HOMEPAGE_PERFORMANCE_METRICS {msgProps: Object, appProps: null, context: Object, queued: false, flushLogsImmediately: false} @ https://mailchimp.com/cdn/product/release/dist/js-src/73550.ab2c6c14344a6302.js:0
[  220626ms] [LOG] Queuing a session check in  1454.4 @ https://mailchimp.com/cdn/product/release/dist/js-src/73550.ab2c6c14344a6302.js:0
[  220742ms] [LOG] Queuing a session check in  1454.4 @ https://mailchimp.com/cdn/product/release/dist/js-src/73550.ab2c6c14344a6302.js:0
[  220772ms] [LOG] widget-request-start {msgProps: Object, appProps: null, context: Object, queued: false, flushLogsImmediately: false} @ https://mailchimp.com/cdn/product/release/dist/js-src/73550.ab2c6c14344a6302.js:0
[  220773ms] [LOG] widget-request-start {msgProps: Object, appProps: null, context: Object, queued: false, flushLogsImmediately: false} @ https://mailchimp.com/cdn/product/release/dist/js-src/73550.ab2c6c14344a6302.js:0
[  220774ms] [LOG] widget-request-start {msgProps: Object, appProps: null, context: Object, queued: false, flushLogsImmediately: false} @ https://mailchimp.com/cdn/product/release/dist/js-src/73550.ab2c6c14344a6302.js:0
[  220775ms] [LOG] widget-request-start {msgProps: Object, appProps: null, context: Object, queued: false, flushLogsImmediately: false} @ https://mailchimp.com/cdn/product/release/dist/js-src/73550.ab2c6c14344a6302.js:0
[  220776ms] [LOG] widget-load-start {msgProps: Object, appProps: null, context: Object, queued: false, flushLogsImmediately: false} @ https://mailchimp.com/cdn/product/release/dist/js-src/73550.ab2c6c14344a6302.js:0
[  220777ms] [LOG] widget-load-start {msgProps: Object, appProps: null, context: Object, queued: false, flushLogsImmediately: false} @ https://mailchimp.com/cdn/product/release/dist/js-src/73550.ab2c6c14344a6302.js:0
[  220778ms] [LOG] widget-load-start {msgProps: Object, appProps: null, context: Object, queued: false, flushLogsImmediately: false} @ https://mailchimp.com/cdn/product/release/dist/js-src/73550.ab2c6c14344a6302.js:0
[  220779ms] [LOG] widget-load-start {msgProps: Object, appProps: null, context: Object, queued: false, flushLogsImmediately: false} @ https://mailchimp.com/cdn/product/release/dist/js-src/73550.ab2c6c14344a6302.js:0
[  220780ms] [LOG] widget-load-end {msgProps: Object, appProps: null, context: Object, queued: false, flushLogsImmediately: false} @ https://mailchimp.com/cdn/product/release/dist/js-src/73550.ab2c6c14344a6302.js:0
[  220782ms] [LOG] widget-load-end {msgProps: Object, appProps: null, context: Object, queued: false, flushLogsImmediately: false} @ https://mailchimp.com/cdn/product/release/dist/js-src/73550.ab2c6c14344a6302.js:0
[  220788ms] [ERROR] WidgetManager: widgetEntity not found for discoveryRecs
: Error: WidgetManager: widgetEntity not found for discoveryRecs
: {"startTime":"2026-09-28T10:11:31.214Z","widgetId":"discoveryRecs","widgetVersion":"1.0.0","isPreloadWidget":false,"consumingWidgetId":"ipd/global-header","consumingPluginId":"marketing-ipd-tsa-widgets","consumingWidgetInstanceId":"marketing-ipd-tsa-widgets:ipd/global-header@1.0.0:1146","consumingWidgetVersion":"1.0.0","failureReason":"WIDGET_ID_NOT_REGISTERED","requestedVersion":"1.0.0","availableVersions":[],"registeredWidgetCount":657,"registeredPluginCount":92}

Error: WidgetManager: widgetEntity not found for discoveryRecs
    at c._handleMissingWidgetEntity (https://plugin.intuitcdn.net/web-shell/5.289.1-apr.3544.b.50/integration/3279.js:1:14088)
    at https://plugin.intuitcdn.net/web-shell/5.289.1-apr.3544.b.50/integration/3279.js:1:17689 @ https://mailchimp.com/cdn/product/release/dist/js-src/73550.ab2c6c14344a6302.js:0
[  220789ms] [ERROR] WidgetManager: widgetEntity not found for discoveryRecs {msgProps: Object, appProps: null, context: Object, queued: false, flushLogsImmediately: true} Error: WidgetManager: widgetEntity not found for discoveryRecs
    at c._handleMissingWidgetEntity (https://plugin.intuitcdn.net/web-shell/5.289.1-apr.3544.b.50/integration/3279.js:1:14088)
    at https://plugin.intuitcdn.net/web-shell/5.289.1-apr.3544.b.50/integration/3279.js:1:17689 @ https://mailchimp.com/cdn/product/release/dist/js-src/73550.ab2c6c14344a6302.js:0
[  220793ms] [ERROR] WidgetManager: widgetEntity not found for discoveryRecs
: Error: WidgetManager: widgetEntity not found for discoveryRecs
: {"startTime":"2026-09-28T10:11:31.216Z","widgetId":"discoveryRecs","widgetVersion":"1.0.0","isPreloadWidget":false,"consumingWidgetId":"ipd/global-header","consumingPluginId":"marketing-ipd-tsa-widgets","consumingWidgetInstanceId":"marketing-ipd-tsa-widgets:ipd/global-header@1.0.0:1146","consumingWidgetVersion":"1.0.0","failureReason":"WIDGET_ID_NOT_REGISTERED","requestedVersion":"1.0.0","availableVersions":[],"registeredWidgetCount":657,"registeredPluginCount":92}

Error: WidgetManager: widgetEntity not found for discoveryRecs
    at c._handleMissingWidgetEntity (https://plugin.intuitcdn.net/web-shell/5.289.1-apr.3544.b.50/integration/3279.js:1:14088)
    at https://plugin.intuitcdn.net/web-shell/5.289.1-apr.3544.b.50/integration/3279.js:1:17689 @ https://mailchimp.com/cdn/product/release/dist/js-src/73550.ab2c6c14344a6302.js:0
[  220796ms] [ERROR] WidgetManager: widgetEntity not found for discoveryRecs {msgProps: Object, appProps: null, context: Object, queued: false, flushLogsImmediately: true} Error: WidgetManager: widgetEntity not found for discoveryRecs
    at c._handleMissingWidgetEntity (https://plugin.intuitcdn.net/web-shell/5.289.1-apr.3544.b.50/integration/3279.js:1:14088)
    at https://plugin.intuitcdn.net/web-shell/5.289.1-apr.3544.b.50/integration/3279.js:1:17689 @ https://mailchimp.com/cdn/product/release/dist/js-src/73550.ab2c6c14344a6302.js:0
[  220799ms] [ERROR] WidgetManager: widgetEntity not found for discoveryRecs
: Error: WidgetManager: widgetEntity not found for discoveryRecs
: {"startTime":"2026-09-28T10:11:31.222Z","widgetId":"discoveryRecs","widgetVersion":"1.0.0","isPreloadWidget":false,"consumingWidgetId":"ipd/page-message","consumingPluginId":"marketing-ipd-tsa-widgets","consumingWidgetInstanceId":"marketing-ipd-tsa-widgets:ipd/page-message@1.0.0:1149","consumingWidgetVersion":"1.0.0","failureReason":"WIDGET_ID_NOT_REGISTERED","requestedVersion":"1.0.0","availableVersions":[],"registeredWidgetCount":657,"registeredPluginCount":92}

Error: WidgetManager: widgetEntity not found for discoveryRecs
    at c._handleMissingWidgetEntity (https://plugin.intuitcdn.net/web-shell/5.289.1-apr.3544.b.50/integration/3279.js:1:14088)
    at https://plugin.intuitcdn.net/web-shell/5.289.1-apr.3544.b.50/integration/3279.js:1:17689 @ https://mailchimp.com/cdn/product/release/dist/js-src/73550.ab2c6c14344a6302.js:0
[  220799ms] [ERROR] WidgetManager: widgetEntity not found for discoveryRecs {msgProps: Object, appProps: null, context: Object, queued: false, flushLogsImmediately: true} Error: WidgetManager: widgetEntity not found for discoveryRecs
    at c._handleMissingWidgetEntity (https://plugin.intuitcdn.net/web-shell/5.289.1-apr.3544.b.50/integration/3279.js:1:14088)
    at https://plugin.intuitcdn.net/web-shell/5.289.1-apr.3544.b.50/integration/3279.js:1:17689 @ https://mailchimp.com/cdn/product/release/dist/js-src/73550.ab2c6c14344a6302.js:0
[  220806ms] [ERROR] Failed to resolve IPD orchestration experiment {msgProps: Object, appProps: null, context: Object, queued: false, flushLogsImmediately: false} @ https://mailchimp.com/cdn/product/release/dist/js-src/73550.ab2c6c14344a6302.js:0
[  220819ms] [LOG] widget-mount {msgProps: Object, appProps: null, context: Object, queued: false, flushLogsImmediately: false} @ https://mailchimp.com/cdn/product/release/dist/js-src/73550.ab2c6c14344a6302.js:0
[  220820ms] [LOG] widget-mount {msgProps: Object, appProps: null, context: Object, queued: false, flushLogsImmediately: false} @ https://mailchimp.com/cdn/product/release/dist/js-src/73550.ab2c6c14344a6302.js:0
[  220821ms] [LOG] widget-request-start {msgProps: Object, appProps: null, context: Object, queued: false, flushLogsImmediately: false} @ https://mailchimp.com/cdn/product/release/dist/js-src/73550.ab2c6c14344a6302.js:0
[  220822ms] [LOG] widget-manager-error {msgProps: Object, appProps: null, context: Object, queued: false, flushLogsImmediately: false} @ https://mailchimp.com/cdn/product/release/dist/js-src/73550.ab2c6c14344a6302.js:0
[  220825ms] [LOG] widget-request-start {msgProps: Object, appProps: null, context: Object, queued: false, flushLogsImmediately: false} @ https://mailchimp.com/cdn/product/release/dist/js-src/73550.ab2c6c14344a6302.js:0
[  220826ms] [LOG] widget-manager-error {msgProps: Object, appProps: null, context: Object, queued: false, flushLogsImmediately: false} @ https://mailchimp.com/cdn/product/release/dist/js-src/73550.ab2c6c14344a6302.js:0
[  220828ms] [LOG] widget-request-start {msgProps: Object, appProps: null, context: Object, queued: false, flushLogsImmediately: false} @ https://mailchimp.com/cdn/product/release/dist/js-src/73550.ab2c6c14344a6302.js:0
[  220829ms] [LOG] widget-manager-error {msgProps: Object, appProps: null, context: Object, queued: false, flushLogsImmediately: false} @ https://mailchimp.com/cdn/product/release/dist/js-src/73550.ab2c6c14344a6302.js:0
[  220848ms] [LOG] widget-load-end {msgProps: Object, appProps: null, context: Object, queued: false, flushLogsImmediately: false} @ https://mailchimp.com/cdn/product/release/dist/js-src/73550.ab2c6c14344a6302.js:0
[  220853ms] [ERROR] WidgetManager: widgetEntity not found for discoveryRecs
: Error: WidgetManager: widgetEntity not found for discoveryRecs
: {"startTime":"2026-09-28T10:11:31.281Z","widgetId":"discoveryRecs","widgetVersion":"1.0.0","isPreloadWidget":false,"consumingWidgetId":"ipd/hero-state","consumingPluginId":"marketing-ipd-tsa-widgets","consumingWidgetInstanceId":"marketing-ipd-tsa-widgets:ipd/hero-state@1.0.0:1147","consumingWidgetVersion":"1.0.0","failureReason":"WIDGET_ID_NOT_REGISTERED","requestedVersion":"1.0.0","availableVersions":[],"registeredWidgetCount":657,"registeredPluginCount":92}

Error: WidgetManager: widgetEntity not found for discoveryRecs
    at c._handleMissingWidgetEntity (https://plugin.intuitcdn.net/web-shell/5.289.1-apr.3544.b.50/integration/3279.js:1:14088)
    at https://plugin.intuitcdn.net/web-shell/5.289.1-apr.3544.b.50/integration/3279.js:1:17689 @ https://mailchimp.com/cdn/product/release/dist/js-src/73550.ab2c6c14344a6302.js:0
[  220854ms] [ERROR] WidgetManager: widgetEntity not found for discoveryRecs {msgProps: Object, appProps: null, context: Object, queued: false, flushLogsImmediately: true} Error: WidgetManager: widgetEntity not found for discoveryRecs
    at c._handleMissingWidgetEntity (https://plugin.intuitcdn.net/web-shell/5.289.1-apr.3544.b.50/integration/3279.js:1:14088)
    at https://plugin.intuitcdn.net/web-shell/5.289.1-apr.3544.b.50/integration/3279.js:1:17689 @ https://mailchimp.com/cdn/product/release/dist/js-src/73550.ab2c6c14344a6302.js:0
[  220866ms] [LOG] widget-load-end {msgProps: Object, appProps: null, context: Object, queued: false, flushLogsImmediately: false} @ https://mailchimp.com/cdn/product/release/dist/js-src/73550.ab2c6c14344a6302.js:0
[  220874ms] [LOG] widget-mount {msgProps: Object, appProps: null, context: Object, queued: false, flushLogsImmediately: false} @ https://mailchimp.com/cdn/product/release/dist/js-src/73550.ab2c6c14344a6302.js:0
[  220875ms] [LOG] widget-mount {msgProps: Object, appProps: null, context: Object, queued: false, flushLogsImmediately: false} @ https://mailchimp.com/cdn/product/release/dist/js-src/73550.ab2c6c14344a6302.js:0
[  220875ms] [LOG] widget-request-start {msgProps: Object, appProps: null, context: Object, queued: false, flushLogsImmediately: false} @ https://mailchimp.com/cdn/product/release/dist/js-src/73550.ab2c6c14344a6302.js:0
[  220876ms] [LOG] widget-manager-error {msgProps: Object, appProps: null, context: Object, queued: false, flushLogsImmediately: false} @ https://mailchimp.com/cdn/product/release/dist/js-src/73550.ab2c6c14344a6302.js:0
[  220885ms] [LOG] Returning Prompt content from cache for 064cf916-6208-4636-b564-554ab77d24c8 {msgProps: Object, appProps: null, context: Object, queued: false, flushLogsImmediately: false} @ https://mailchimp.com/cdn/product/release/dist/js-src/73550.ab2c6c14344a6302.js:0
[  220885ms] [WARNING] module="getRoute" message="This method is not supported by mc-appfabric-webapp" {msgProps: null, appProps: null, context: Object, queued: false, flushLogsImmediately: false} @ https://mailchimp.com/cdn/product/release/dist/js-src/73550.ab2c6c14344a6302.js:0
[  220887ms] [LOG] PapWidget requesting content for 064cf916-6208-4636-b564-554ab77d24c8 {msgProps: Object, appProps: null, context: Object, queued: false, flushLogsImmediately: false} @ https://mailchimp.com/cdn/product/release/dist/js-src/73550.ab2c6c14344a6302.js:0
[  220936ms] [LOG] Queuing a session check in  1454.4 @ https://mailchimp.com/cdn/product/release/dist/js-src/73550.ab2c6c14344a6302.js:0
[  220941ms] [LOG] Queuing a session check in  1454.4 @ https://mailchimp.com/cdn/product/release/dist/js-src/73550.ab2c6c14344a6302.js:0
[  220944ms] [LOG] Queuing a session check in  1454.4 @ https://mailchimp.com/cdn/product/release/dist/js-src/73550.ab2c6c14344a6302.js:0
[  220972ms] [LOG] Queuing a session check in  1454.4 @ https://mailchimp.com/cdn/product/release/dist/js-src/73550.ab2c6c14344a6302.js:0
[  220972ms] [LOG] Queuing a session check in  1454.4 @ https://mailchimp.com/cdn/product/release/dist/js-src/73550.ab2c6c14344a6302.js:0
[  221000ms] [LOG] Queuing a session check in  1454.4 @ https://mailchimp.com/cdn/product/release/dist/js-src/73550.ab2c6c14344a6302.js:0
[  221008ms] [LOG] Queuing a session check in  1454.4 @ https://mailchimp.com/cdn/product/release/dist/js-src/73550.ab2c6c14344a6302.js:0
[  221025ms] [LOG] Queuing a session check in  1454.4 @ https://mailchimp.com/cdn/product/release/dist/js-src/73550.ab2c6c14344a6302.js:0
[  221051ms] [LOG] Queuing a session check in  1454.4 @ https://mailchimp.com/cdn/product/release/dist/js-src/73550.ab2c6c14344a6302.js:0
[  221090ms] [LOG] Queuing a session check in  1454.4 @ https://mailchimp.com/cdn/product/release/dist/js-src/73550.ab2c6c14344a6302.js:0
[  221201ms] [LOG] Fingerprints did not return a response for SBSEGMAILCHIMPHelloboxAllContactsFooter {msgProps: null, appProps: null, context: Object, queued: false, flushLogsImmediately: false} @ https://mailchimp.com/cdn/product/release/dist/js-src/73550.ab2c6c14344a6302.js:0
[  221206ms] [LOG] Fingerprints did not return a response for SBSEGMAILCHIMPBannerAllContactsAlerts {msgProps: null, appProps: null, context: Object, queued: false, flushLogsImmediately: false} @ https://mailchimp.com/cdn/product/release/dist/js-src/73550.ab2c6c14344a6302.js:0
[  221212ms] [LOG] widget-first-display {msgProps: Object, appProps: null, context: Object, queued: false, flushLogsImmediately: false} @ https://mailchimp.com/cdn/product/release/dist/js-src/73550.ab2c6c14344a6302.js:0
[  221213ms] [LOG] widget-ready {msgProps: Object, appProps: null, context: Object, queued: false, flushLogsImmediately: false} @ https://mailchimp.com/cdn/product/release/dist/js-src/73550.ab2c6c14344a6302.js:0
[  221215ms] [LOG] widget-first-display {msgProps: Object, appProps: null, context: Object, queued: false, flushLogsImmediately: false} @ https://mailchimp.com/cdn/product/release/dist/js-src/73550.ab2c6c14344a6302.js:0
[  221216ms] [LOG] widget-ready {msgProps: Object, appProps: null, context: Object, queued: false, flushLogsImmediately: false} @ https://mailchimp.com/cdn/product/release/dist/js-src/73550.ab2c6c14344a6302.js:0
[  221218ms] [LOG] Queuing a session check in  1454.4 @ https://mailchimp.com/cdn/product/release/dist/js-src/73550.ab2c6c14344a6302.js:0
[  221219ms] [LOG] Queuing a session check in  1454.4 @ https://mailchimp.com/cdn/product/release/dist/js-src/73550.ab2c6c14344a6302.js:0
[  221249ms] [LOG] Fingerprints did not return a response for SBSEGMAILCHIMPHSAllContactsHero {msgProps: null, appProps: null, context: Object, queued: false, flushLogsImmediately: false} @ https://mailchimp.com/cdn/product/release/dist/js-src/73550.ab2c6c14344a6302.js:0
[  221253ms] [LOG] widget-first-display {msgProps: Object, appProps: null, context: Object, queued: false, flushLogsImmediately: false} @ https://mailchimp.com/cdn/product/release/dist/js-src/73550.ab2c6c14344a6302.js:0
[  221254ms] [LOG] widget-ready {msgProps: Object, appProps: null, context: Object, queued: false, flushLogsImmediately: false} @ https://mailchimp.com/cdn/product/release/dist/js-src/73550.ab2c6c14344a6302.js:0
[  221328ms] [LOG] Queuing a session check in  1454.4 @ https://mailchimp.com/cdn/product/release/dist/js-src/73550.ab2c6c14344a6302.js:0
[  221409ms] [LOG] Extended properties successfully fetch for PAP {msgProps: null, appProps: null, context: Object, queued: false, flushLogsImmediately: false} @ https://mailchimp.com/cdn/product/release/dist/js-src/73550.ab2c6c14344a6302.js:0
[  221700ms] [LOG] Returning Prompt content from CES fetch for 064cf916-6208-4636-b564-554ab77d24c8 {msgProps: Object, appProps: null, context: Object, queued: false, flushLogsImmediately: false} @ https://mailchimp.com/cdn/product/release/dist/js-src/73550.ab2c6c14344a6302.js:0
[  221701ms] [LOG] PON_OMN: skipping verdict prefetch for access point 064cf916-6208-4636-b564-554ab77d24c8 — no prompt resolves an omni query {msgProps: Object, appProps: null, context: Object, queued: false, flushLogsImmediately: false} @ https://mailchimp.com/cdn/product/release/dist/js-src/73550.ab2c6c14344a6302.js:0
[  221701ms] [LOG] Storing content cache for 064cf916-6208-4636-b564-554ab77d24c8 {msgProps: Object, appProps: null, context: Object, queued: false, flushLogsImmediately: false} @ https://mailchimp.com/cdn/product/release/dist/js-src/73550.ab2c6c14344a6302.js:0
[  221704ms] [LOG] oihs-performance:oihs_pap_widget_load_064cf916-6208-4636-b564-554ab77d24c8 {msgProps: Object, appProps: null, context: Object, queued: false, flushLogsImmediately: false} @ https://mailchimp.com/cdn/product/release/dist/js-src/73550.ab2c6c14344a6302.js:0
[  221706ms] [LOG] PON Prompts loaded. {msgProps: Object, appProps: null, context: Object, queued: false, flushLogsImmediately: false} @ https://mailchimp.com/cdn/product/release/dist/js-src/73550.ab2c6c14344a6302.js:0
[  221707ms] [LOG] widget-first-display {msgProps: Object, appProps: null, context: Object, queued: false, flushLogsImmediately: false} @ https://mailchimp.com/cdn/product/release/dist/js-src/73550.ab2c6c14344a6302.js:0
[  221711ms] [LOG] widget-ready {msgProps: Object, appProps: null, context: Object, queued: false, flushLogsImmediately: false} @ https://mailchimp.com/cdn/product/release/dist/js-src/73550.ab2c6c14344a6302.js:0
[  222197ms] [LOG] Queuing a session check in  1454.4 @ https://mailchimp.com/cdn/product/release/dist/js-src/73550.ab2c6c14344a6302.js:0
[  222198ms] [LOG] Queuing a session check in  1454.4 @ https://mailchimp.com/cdn/product/release/dist/js-src/73550.ab2c6c14344a6302.js:0
[  222454ms] [LOG] Queuing a session check in  1454.4 @ https://mailchimp.com/cdn/product/release/dist/js-src/73550.ab2c6c14344a6302.js:0
[  222493ms] [LOG] Queuing a session check in  1454.4 @ https://mailchimp.com/cdn/product/release/dist/js-src/73550.ab2c6c14344a6302.js:0
[  222498ms] [LOG] Queuing a session check in  1454.4 @ https://mailchimp.com/cdn/product/release/dist/js-src/73550.ab2c6c14344a6302.js:0
[  222500ms] [LOG] Queuing a session check in  1454.4 @ https://mailchimp.com/cdn/product/release/dist/js-src/73550.ab2c6c14344a6302.js:0
[  222503ms] [LOG] Queuing a session check in  1454.4 @ https://mailchimp.com/cdn/product/release/dist/js-src/73550.ab2c6c14344a6302.js:0
[  222509ms] [LOG] Queuing a session check in  1454.4 @ https://mailchimp.com/cdn/product/release/dist/js-src/73550.ab2c6c14344a6302.js:0
[  222510ms] [LOG] Queuing a session check in  1454.4 @ https://mailchimp.com/cdn/product/release/dist/js-src/73550.ab2c6c14344a6302.js:0
[  222513ms] [LOG] Queuing a session check in  1454.4 @ https://mailchimp.com/cdn/product/release/dist/js-src/73550.ab2c6c14344a6302.js:0
[  222728ms] [LOG] Queuing a session check in  1454.4 @ https://mailchimp.com/cdn/product/release/dist/js-src/73550.ab2c6c14344a6302.js:0
[  222730ms] [LOG] Queuing a session check in  1454.4 @ https://mailchimp.com/cdn/product/release/dist/js-src/73550.ab2c6c14344a6302.js:0
[  222731ms] [LOG] Queuing a session check in  1454.4 @ https://mailchimp.com/cdn/product/release/dist/js-src/73550.ab2c6c14344a6302.js:0
[  223360ms] [LOG] Queuing a session check in  1454.4 @ https://mailchimp.com/cdn/product/release/dist/js-src/73550.ab2c6c14344a6302.js:0
[  223549ms] [LOG] Queuing a session check in  1454.4 @ https://mailchimp.com/cdn/product/release/dist/js-src/73550.ab2c6c14344a6302.js:0
[  223795ms] [LOG] Queuing a session check in  1454.4 @ https://mailchimp.com/cdn/product/release/dist/js-src/73550.ab2c6c14344a6302.js:0
[  223900ms] [WARNING] [Laplace] reportUrl is not set, report will not be executed @ https://mailchimp.com/cdn/product/release/dist/js-src/73550.ab2c6c14344a6302.js:0
[  224067ms] [LOG] Queuing a session check in  1454.4 @ https://mailchimp.com/cdn/product/release/dist/js-src/73550.ab2c6c14344a6302.js:0
[  228943ms] [WARNING] [Laplace] reportUrl is not set, report will not be executed @ https://mailchimp.com/cdn/product/release/dist/js-src/73550.ab2c6c14344a6302.js:0
[  232254ms] [WARNING] The resource https://us10.admin.mailchimp.com/app-homepage/attribute?attribute=stores&list_id=906754 was preloaded using link preload but not used within a few seconds from the window's load event. Please make sure it has an appropriate `as` value and it is preloaded intentionally. @ https://us10.admin.mailchimp.com/audience/contacts/:0
[  233952ms] [WARNING] [Laplace] reportUrl is not set, report will not be executed @ https://mailchimp.com/cdn/product/release/dist/js-src/73550.ab2c6c14344a6302.js:0
[  238956ms] [WARNING] [Laplace] reportUrl is not set, report will not be executed @ https://mailchimp.com/cdn/product/release/dist/js-src/73550.ab2c6c14344a6302.js:0
[  242495ms] [WARNING] The resource https://us10.admin.mailchimp.com/app-homepage/attribute?attribute=stores&list_id=906754 was preloaded using link preload but not used within a few seconds from the window's load event. Please make sure it has an appropriate `as` value and it is preloaded intentionally. @ https://us10.admin.mailchimp.com/audience/contacts/:0
[  243968ms] [WARNING] [Laplace] reportUrl is not set, report will not be executed @ https://mailchimp.com/cdn/product/release/dist/js-src/73550.ab2c6c14344a6302.js:0
[  247261ms] [WARNING] The resource https://us10.admin.mailchimp.com/app-homepage/attribute?attribute=stores&list_id=906754 was preloaded using link preload but not used within a few seconds from the window's load event. Please make sure it has an appropriate `as` value and it is preloaded intentionally. @ https://us10.admin.mailchimp.com/audience/contacts/:0
[  248981ms] [WARNING] [Laplace] reportUrl is not set, report will not be executed @ https://mailchimp.com/cdn/product/release/dist/js-src/73550.ab2c6c14344a6302.js:0
[  250961ms] [LOG] Queuing a session check in  1454.4 @ https://mailchimp.com/cdn/product/release/dist/js-src/73550.ab2c6c14344a6302.js:0
[  251215ms] [LOG] Queuing a session check in  1454.4 @ https://mailchimp.com/cdn/product/release/dist/js-src/73550.ab2c6c14344a6302.js:0
[  251227ms] [LOG] Queuing a session check in  1454.4 @ https://mailchimp.com/cdn/product/release/dist/js-src/73550.ab2c6c14344a6302.js:0
[  251227ms] [LOG] Queuing a session check in  1454.4 @ https://mailchimp.com/cdn/product/release/dist/js-src/73550.ab2c6c14344a6302.js:0
[  251236ms] [LOG] Queuing a session check in  1454.4 @ https://mailchimp.com/cdn/product/release/dist/js-src/73550.ab2c6c14344a6302.js:0
[  251239ms] [LOG] Queuing a session check in  1454.4 @ https://mailchimp.com/cdn/product/release/dist/js-src/73550.ab2c6c14344a6302.js:0
[  251239ms] [LOG] Queuing a session check in  1454.4 @ https://mailchimp.com/cdn/product/release/dist/js-src/73550.ab2c6c14344a6302.js:0
[  251251ms] [LOG] Queuing a session check in  1454.4 @ https://mailchimp.com/cdn/product/release/dist/js-src/73550.ab2c6c14344a6302.js:0
[  251260ms] [LOG] Queuing a session check in  1454.4 @ https://mailchimp.com/cdn/product/release/dist/js-src/73550.ab2c6c14344a6302.js:0
[  251295ms] [LOG] Queuing a session check in  1454.4 @ https://mailchimp.com/cdn/product/release/dist/js-src/73550.ab2c6c14344a6302.js:0
[  251462ms] [LOG] widget-request-start {msgProps: Object, appProps: null, context: Object, queued: false, flushLogsImmediately: false} @ https://mailchimp.com/cdn/product/release/dist/js-src/73550.ab2c6c14344a6302.js:0
[  251463ms] [LOG] widget-load-start {msgProps: Object, appProps: null, context: Object, queued: false, flushLogsImmediately: false} @ https://mailchimp.com/cdn/product/release/dist/js-src/73550.ab2c6c14344a6302.js:0
[  251464ms] [LOG] widget-load-end {msgProps: Object, appProps: null, context: Object, queued: false, flushLogsImmediately: false} @ https://mailchimp.com/cdn/product/release/dist/js-src/73550.ab2c6c14344a6302.js:0
[  251468ms] [ERROR] WidgetManager: widgetEntity not found for discoveryRecs
: Error: WidgetManager: widgetEntity not found for discoveryRecs
: {"startTime":"2026-09-28T10:12:01.896Z","widgetId":"discoveryRecs","widgetVersion":"1.0.0","isPreloadWidget":false,"consumingWidgetId":"ipd/global-header","consumingPluginId":"marketing-ipd-tsa-widgets","consumingWidgetInstanceId":"marketing-ipd-tsa-widgets:ipd/global-header@1.0.0:1150","consumingWidgetVersion":"1.0.0","failureReason":"WIDGET_ID_NOT_REGISTERED","requestedVersion":"1.0.0","availableVersions":[],"registeredWidgetCount":657,"registeredPluginCount":92}

Error: WidgetManager: widgetEntity not found for discoveryRecs
    at c._handleMissingWidgetEntity (https://plugin.intuitcdn.net/web-shell/5.289.1-apr.3544.b.50/integration/3279.js:1:14088)
    at https://plugin.intuitcdn.net/web-shell/5.289.1-apr.3544.b.50/integration/3279.js:1:17689 @ https://mailchimp.com/cdn/product/release/dist/js-src/73550.ab2c6c14344a6302.js:0
[  251469ms] [ERROR] WidgetManager: widgetEntity not found for discoveryRecs {msgProps: Object, appProps: null, context: Object, queued: false, flushLogsImmediately: true} Error: WidgetManager: widgetEntity not found for discoveryRecs
    at c._handleMissingWidgetEntity (https://plugin.intuitcdn.net/web-shell/5.289.1-apr.3544.b.50/integration/3279.js:1:14088)
    at https://plugin.intuitcdn.net/web-shell/5.289.1-apr.3544.b.50/integration/3279.js:1:17689 @ https://mailchimp.com/cdn/product/release/dist/js-src/73550.ab2c6c14344a6302.js:0
[  251472ms] [ERROR] WidgetManager: widgetEntity not found for discoveryRecs
: Error: WidgetManager: widgetEntity not found for discoveryRecs
: {"startTime":"2026-09-28T10:12:01.897Z","widgetId":"discoveryRecs","widgetVersion":"1.0.0","isPreloadWidget":false,"consumingWidgetId":"ipd/global-header","consumingPluginId":"marketing-ipd-tsa-widgets","consumingWidgetInstanceId":"marketing-ipd-tsa-widgets:ipd/global-header@1.0.0:1150","consumingWidgetVersion":"1.0.0","failureReason":"WIDGET_ID_NOT_REGISTERED","requestedVersion":"1.0.0","availableVersions":[],"registeredWidgetCount":657,"registeredPluginCount":92}

Error: WidgetManager: widgetEntity not found for discoveryRecs
    at c._handleMissingWidgetEntity (https://plugin.intuitcdn.net/web-shell/5.289.1-apr.3544.b.50/integration/3279.js:1:14088)
    at https://plugin.intuitcdn.net/web-shell/5.289.1-apr.3544.b.50/integration/3279.js:1:17689 @ https://mailchimp.com/cdn/product/release/dist/js-src/73550.ab2c6c14344a6302.js:0
[  251472ms] [ERROR] WidgetManager: widgetEntity not found for discoveryRecs {msgProps: Object, appProps: null, context: Object, queued: false, flushLogsImmediately: true} Error: WidgetManager: widgetEntity not found for discoveryRecs
    at c._handleMissingWidgetEntity (https://plugin.intuitcdn.net/web-shell/5.289.1-apr.3544.b.50/integration/3279.js:1:14088)
    at https://plugin.intuitcdn.net/web-shell/5.289.1-apr.3544.b.50/integration/3279.js:1:17689 @ https://mailchimp.com/cdn/product/release/dist/js-src/73550.ab2c6c14344a6302.js:0
[  251477ms] [ERROR] Failed to resolve IPD orchestration experiment {msgProps: Object, appProps: null, context: Object, queued: false, flushLogsImmediately: false} @ https://mailchimp.com/cdn/product/release/dist/js-src/73550.ab2c6c14344a6302.js:0
[  251495ms] [LOG] widget-mount {msgProps: Object, appProps: null, context: Object, queued: false, flushLogsImmediately: false} @ https://mailchimp.com/cdn/product/release/dist/js-src/73550.ab2c6c14344a6302.js:0
[  251496ms] [LOG] widget-request-start {msgProps: Object, appProps: null, context: Object, queued: false, flushLogsImmediately: false} @ https://mailchimp.com/cdn/product/release/dist/js-src/73550.ab2c6c14344a6302.js:0
[  251497ms] [LOG] widget-manager-error {msgProps: Object, appProps: null, context: Object, queued: false, flushLogsImmediately: false} @ https://mailchimp.com/cdn/product/release/dist/js-src/73550.ab2c6c14344a6302.js:0
[  251500ms] [LOG] widget-request-start {msgProps: Object, appProps: null, context: Object, queued: false, flushLogsImmediately: false} @ https://mailchimp.com/cdn/product/release/dist/js-src/73550.ab2c6c14344a6302.js:0
[  251501ms] [LOG] widget-manager-error {msgProps: Object, appProps: null, context: Object, queued: false, flushLogsImmediately: false} @ https://mailchimp.com/cdn/product/release/dist/js-src/73550.ab2c6c14344a6302.js:0
[  251758ms] [LOG] Queuing a session check in  1454.4 @ https://mailchimp.com/cdn/product/release/dist/js-src/73550.ab2c6c14344a6302.js:0
[  251850ms] [LOG] Queuing a session check in  1454.4 @ https://mailchimp.com/cdn/product/release/dist/js-src/73550.ab2c6c14344a6302.js:0
[  251868ms] [LOG] Fingerprints did not return a response for SBSEGMAILCHIMPBannerAudienceSettingsAlert {msgProps: null, appProps: null, context: Object, queued: false, flushLogsImmediately: false} @ https://mailchimp.com/cdn/product/release/dist/js-src/73550.ab2c6c14344a6302.js:0
[  251873ms] [LOG] widget-first-display {msgProps: Object, appProps: null, context: Object, queued: false, flushLogsImmediately: false} @ https://mailchimp.com/cdn/product/release/dist/js-src/73550.ab2c6c14344a6302.js:0
[  251874ms] [LOG] widget-ready {msgProps: Object, appProps: null, context: Object, queued: false, flushLogsImmediately: false} @ https://mailchimp.com/cdn/product/release/dist/js-src/73550.ab2c6c14344a6302.js:0
[  253984ms] [WARNING] [Laplace] reportUrl is not set, report will not be executed @ https://mailchimp.com/cdn/product/release/dist/js-src/73550.ab2c6c14344a6302.js:0
[  258999ms] [WARNING] [Laplace] reportUrl is not set, report will not be executed @ https://mailchimp.com/cdn/product/release/dist/js-src/73550.ab2c6c14344a6302.js:0
[  262276ms] [WARNING] The resource https://us10.admin.mailchimp.com/app-homepage/attribute?attribute=stores&list_id=906754 was preloaded using link preload but not used within a few seconds from the window's load event. Please make sure it has an appropriate `as` value and it is preloaded intentionally. @ https://us10.admin.mailchimp.com/audience/settings/:0
[  264007ms] [WARNING] [Laplace] reportUrl is not set, report will not be executed @ https://mailchimp.com/cdn/product/release/dist/js-src/73550.ab2c6c14344a6302.js:0
[  267499ms] [WARNING] The resource https://us10.admin.mailchimp.com/app-homepage/attribute?attribute=stores&list_id=906754 was preloaded using link preload but not used within a few seconds from the window's load event. Please make sure it has an appropriate `as` value and it is preloaded intentionally. @ https://us10.admin.mailchimp.com/audience/settings/:0
[  267714ms] [LOG] Queuing a session check in  1454.4 @ https://mailchimp.com/cdn/product/release/dist/js-src/73550.ab2c6c14344a6302.js:0
[  268163ms] [LOG] Queuing a session check in  1454.4 @ https://mailchimp.com/cdn/product/release/dist/js-src/73550.ab2c6c14344a6302.js:0
[  268186ms] [LOG] widget-request-start {msgProps: Object, appProps: null, context: Object, queued: false, flushLogsImmediately: false} @ https://mailchimp.com/cdn/product/release/dist/js-src/73550.ab2c6c14344a6302.js:0
[  268188ms] [LOG] widget-load-start {msgProps: Object, appProps: null, context: Object, queued: false, flushLogsImmediately: false} @ https://mailchimp.com/cdn/product/release/dist/js-src/73550.ab2c6c14344a6302.js:0
[  268212ms] [WARNING] Unsatisfied version 10.3.1--pr.2531.59 from ADKJSONP of shared singleton module @appfabric/web-shell-core/widgets/BaseWidget (required =9.98.0) @ https://mailchimp.com/cdn/product/release/dist/js-src/73550.ab2c6c14344a6302.js:0
[  268213ms] [WARNING] Unsatisfied version 9.126.0 from mc-homepage-ui of shared singleton module @appfabric/web-shell-core/widgets/HOCWidget (required =9.98.0) @ https://mailchimp.com/cdn/product/release/dist/js-src/73550.ab2c6c14344a6302.js:0
[  268288ms] [LOG] Queuing a session check in  1454.4 @ https://mailchimp.com/cdn/product/release/dist/js-src/73550.ab2c6c14344a6302.js:0
[  268409ms] [LOG] widget-load-end {msgProps: Object, appProps: null, context: Object, queued: false, flushLogsImmediately: false} @ https://mailchimp.com/cdn/product/release/dist/js-src/73550.ab2c6c14344a6302.js:0
[  268418ms] [LOG] [FormsOverviewWidget] mounted {msgProps: null, appProps: null, context: Object, queued: false, flushLogsImmediately: false} @ https://mailchimp.com/cdn/product/release/dist/js-src/73550.ab2c6c14344a6302.js:0
[  268442ms] [LOG] widget-mount {msgProps: Object, appProps: null, context: Object, queued: false, flushLogsImmediately: false} @ https://mailchimp.com/cdn/product/release/dist/js-src/73550.ab2c6c14344a6302.js:0
[  269010ms] [WARNING] [Laplace] reportUrl is not set, report will not be executed @ https://mailchimp.com/cdn/product/release/dist/js-src/73550.ab2c6c14344a6302.js:0
[  269197ms] [LOG] Queuing a session check in  1454.4 @ https://mailchimp.com/cdn/product/release/dist/js-src/73550.ab2c6c14344a6302.js:0
[  269597ms] [WARNING] translationUtils: no IntlProvider reachable, falling back to defaultMessage Error: [React Intl] Could not find required `intl` object. <IntlProvider> needs to exist in the component ancestry.
    at o (https://plugin.intuitcdn.net/mcf-ui/5650.fcf4282198302403.js:2:2742)
    at s (https://plugin.intuitcdn.net/mcf-ui/5650.fcf4282198302403.js:2:54267)
    at a (https://plugin.intuitcdn.net/mcf-ui/5650.fcf4282198302403.js:2:54117)
    at ke (https://plugin.intuitcdn.net/mcf-ui/6118.89d0fabf56c5a45c.js:2:50226)
    at https://plugin.intuitcdn.net/mcf-ui/9864.d2636f5e46ea810b.js:2:45770
    at hu (https://plugin.intuitcdn.net/web-shell/5.289.1-apr.3544.b.50/integration/961.js:2:64082)
    at wo (https://plugin.intuitcdn.net/web-shell/5.289.1-apr.3544.b.50/integration/961.js:2:76559)
    at xi (https://plugin.intuitcdn.net/web-shell/5.289.1-apr.3544.b.50/integration/961.js:2:125106)
    at bs (https://plugin.intuitcdn.net/web-shell/5.289.1-apr.3544.b.50/integration/961.js:2:112299)
    at vs (https://plugin.intuitcdn.net/web-shell/5.289.1-apr.3544.b.50/integration/961.js:2:112227) @ https://mailchimp.com/cdn/product/release/dist/js-src/73550.ab2c6c14344a6302.js:0
[  269599ms] [WARNING] translationUtils: no IntlProvider reachable, falling back to defaultMessage Error: [React Intl] Could not find required `intl` object. <IntlProvider> needs to exist in the component ancestry.
    at o (https://plugin.intuitcdn.net/mcf-ui/5650.fcf4282198302403.js:2:2742)
    at s (https://plugin.intuitcdn.net/mcf-ui/5650.fcf4282198302403.js:2:54267)
    at a (https://plugin.intuitcdn.net/mcf-ui/5650.fcf4282198302403.js:2:54117)
    at ke (https://plugin.intuitcdn.net/mcf-ui/6118.89d0fabf56c5a45c.js:2:50226)
    at https://plugin.intuitcdn.net/mcf-ui/3119.6caa88485d0e65bf.js:2:6828
    at hu (https://plugin.intuitcdn.net/web-shell/5.289.1-apr.3544.b.50/integration/961.js:2:64082)
    at wo (https://plugin.intuitcdn.net/web-shell/5.289.1-apr.3544.b.50/integration/961.js:2:76559)
    at xi (https://plugin.intuitcdn.net/web-shell/5.289.1-apr.3544.b.50/integration/961.js:2:125106)
    at bs (https://plugin.intuitcdn.net/web-shell/5.289.1-apr.3544.b.50/integration/961.js:2:112299)
    at vs (https://plugin.intuitcdn.net/web-shell/5.289.1-apr.3544.b.50/integration/961.js:2:112227) @ https://mailchimp.com/cdn/product/release/dist/js-src/73550.ab2c6c14344a6302.js:0
[  269601ms] [WARNING] translationUtils: no IntlProvider reachable, falling back to defaultMessage Error: [React Intl] Could not find required `intl` object. <IntlProvider> needs to exist in the component ancestry.
    at o (https://plugin.intuitcdn.net/mcf-ui/5650.fcf4282198302403.js:2:2742)
    at s (https://plugin.intuitcdn.net/mcf-ui/5650.fcf4282198302403.js:2:54267)
    at a (https://plugin.intuitcdn.net/mcf-ui/5650.fcf4282198302403.js:2:54117)
    at ke (https://plugin.intuitcdn.net/mcf-ui/6118.89d0fabf56c5a45c.js:2:50226)
    at https://plugin.intuitcdn.net/mcf-ui/3119.6caa88485d0e65bf.js:2:27667
    at https://plugin.intuitcdn.net/mcf-ui/3119.6caa88485d0e65bf.js:2:28530
    at hu (https://plugin.intuitcdn.net/web-shell/5.289.1-apr.3544.b.50/integration/961.js:2:64082)
    at wo (https://plugin.intuitcdn.net/web-shell/5.289.1-apr.3544.b.50/integration/961.js:2:76559)
    at xi (https://plugin.intuitcdn.net/web-shell/5.289.1-apr.3544.b.50/integration/961.js:2:125106)
    at bs (https://plugin.intuitcdn.net/web-shell/5.289.1-apr.3544.b.50/integration/961.js:2:112299) @ https://mailchimp.com/cdn/product/release/dist/js-src/73550.ab2c6c14344a6302.js:0
[  269602ms] [WARNING] translationUtils: no IntlProvider reachable, falling back to defaultMessage Error: [React Intl] Could not find required `intl` object. <IntlProvider> needs to exist in the component ancestry.
    at o (https://plugin.intuitcdn.net/mcf-ui/5650.fcf4282198302403.js:2:2742)
    at s (https://plugin.intuitcdn.net/mcf-ui/5650.fcf4282198302403.js:2:54267)
    at a (https://plugin.intuitcdn.net/mcf-ui/5650.fcf4282198302403.js:2:54117)
    at ke (https://plugin.intuitcdn.net/mcf-ui/6118.89d0fabf56c5a45c.js:2:50226)
    at https://plugin.intuitcdn.net/mcf-ui/3119.6caa88485d0e65bf.js:2:27768
    at https://plugin.intuitcdn.net/mcf-ui/3119.6caa88485d0e65bf.js:2:28530
    at hu (https://plugin.intuitcdn.net/web-shell/5.289.1-apr.3544.b.50/integration/961.js:2:64082)
    at wo (https://plugin.intuitcdn.net/web-shell/5.289.1-apr.3544.b.50/integration/961.js:2:76559)
    at xi (https://plugin.intuitcdn.net/web-shell/5.289.1-apr.3544.b.50/integration/961.js:2:125106)
    at bs (https://plugin.intuitcdn.net/web-shell/5.289.1-apr.3544.b.50/integration/961.js:2:112299) @ https://mailchimp.com/cdn/product/release/dist/js-src/73550.ab2c6c14344a6302.js:0
[  269602ms] [WARNING] translationUtils: no IntlProvider reachable, falling back to defaultMessage Error: [React Intl] Could not find required `intl` object. <IntlProvider> needs to exist in the component ancestry.
    at o (https://plugin.intuitcdn.net/mcf-ui/5650.fcf4282198302403.js:2:2742)
    at s (https://plugin.intuitcdn.net/mcf-ui/5650.fcf4282198302403.js:2:54267)
    at a (https://plugin.intuitcdn.net/mcf-ui/5650.fcf4282198302403.js:2:54117)
    at ke (https://plugin.intuitcdn.net/mcf-ui/6118.89d0fabf56c5a45c.js:2:50226)
    at https://plugin.intuitcdn.net/mcf-ui/3119.6caa88485d0e65bf.js:2:27867
    at https://plugin.intuitcdn.net/mcf-ui/3119.6caa88485d0e65bf.js:2:28530
    at hu (https://plugin.intuitcdn.net/web-shell/5.289.1-apr.3544.b.50/integration/961.js:2:64082)
    at wo (https://plugin.intuitcdn.net/web-shell/5.289.1-apr.3544.b.50/integration/961.js:2:76559)
    at xi (https://plugin.intuitcdn.net/web-shell/5.289.1-apr.3544.b.50/integration/961.js:2:125106)
    at bs (https://plugin.intuitcdn.net/web-shell/5.289.1-apr.3544.b.50/integration/961.js:2:112299) @ https://mailchimp.com/cdn/product/release/dist/js-src/73550.ab2c6c14344a6302.js:0
[  269602ms] [WARNING] translationUtils: no IntlProvider reachable, falling back to defaultMessage Error: [React Intl] Could not find required `intl` object. <IntlProvider> needs to exist in the component ancestry.
    at o (https://plugin.intuitcdn.net/mcf-ui/5650.fcf4282198302403.js:2:2742)
    at s (https://plugin.intuitcdn.net/mcf-ui/5650.fcf4282198302403.js:2:54267)
    at a (https://plugin.intuitcdn.net/mcf-ui/5650.fcf4282198302403.js:2:54117)
    at ke (https://plugin.intuitcdn.net/mcf-ui/6118.89d0fabf56c5a45c.js:2:50226)
    at https://plugin.intuitcdn.net/mcf-ui/3119.6caa88485d0e65bf.js:2:27970
    at https://plugin.intuitcdn.net/mcf-ui/3119.6caa88485d0e65bf.js:2:28530
    at hu (https://plugin.intuitcdn.net/web-shell/5.289.1-apr.3544.b.50/integration/961.js:2:64082)
    at wo (https://plugin.intuitcdn.net/web-shell/5.289.1-apr.3544.b.50/integration/961.js:2:76559)
    at xi (https://plugin.intuitcdn.net/web-shell/5.289.1-apr.3544.b.50/integration/961.js:2:125106)
    at bs (https://plugin.intuitcdn.net/web-shell/5.289.1-apr.3544.b.50/integration/961.js:2:112299) @ https://mailchimp.com/cdn/product/release/dist/js-src/73550.ab2c6c14344a6302.js:0
[  269603ms] [WARNING] translationUtils: no IntlProvider reachable, falling back to defaultMessage Error: [React Intl] Could not find required `intl` object. <IntlProvider> needs to exist in the component ancestry.
    at o (https://plugin.intuitcdn.net/mcf-ui/5650.fcf4282198302403.js:2:2742)
    at s (https://plugin.intuitcdn.net/mcf-ui/5650.fcf4282198302403.js:2:54267)
    at a (https://plugin.intuitcdn.net/mcf-ui/5650.fcf4282198302403.js:2:54117)
    at ke (https://plugin.intuitcdn.net/mcf-ui/6118.89d0fabf56c5a45c.js:2:50226)
    at https://plugin.intuitcdn.net/mcf-ui/3119.6caa88485d0e65bf.js:2:28075
    at https://plugin.intuitcdn.net/mcf-ui/3119.6caa88485d0e65bf.js:2:28530
    at hu (https://plugin.intuitcdn.net/web-shell/5.289.1-apr.3544.b.50/integration/961.js:2:64082)
    at wo (https://plugin.intuitcdn.net/web-shell/5.289.1-apr.3544.b.50/integration/961.js:2:76559)
    at xi (https://plugin.intuitcdn.net/web-shell/5.289.1-apr.3544.b.50/integration/961.js:2:125106)
    at bs (https://plugin.intuitcdn.net/web-shell/5.289.1-apr.3544.b.50/integration/961.js:2:112299) @ https://mailchimp.com/cdn/product/release/dist/js-src/73550.ab2c6c14344a6302.js:0
[  269603ms] [WARNING] translationUtils: no IntlProvider reachable, falling back to defaultMessage Error: [React Intl] Could not find required `intl` object. <IntlProvider> needs to exist in the component ancestry.
    at o (https://plugin.intuitcdn.net/mcf-ui/5650.fcf4282198302403.js:2:2742)
    at s (https://plugin.intuitcdn.net/mcf-ui/5650.fcf4282198302403.js:2:54267)
    at a (https://plugin.intuitcdn.net/mcf-ui/5650.fcf4282198302403.js:2:54117)
    at ke (https://plugin.intuitcdn.net/mcf-ui/6118.89d0fabf56c5a45c.js:2:50226)
    at https://plugin.intuitcdn.net/mcf-ui/3119.6caa88485d0e65bf.js:2:28172
    at https://plugin.intuitcdn.net/mcf-ui/3119.6caa88485d0e65bf.js:2:28530
    at hu (https://plugin.intuitcdn.net/web-shell/5.289.1-apr.3544.b.50/integration/961.js:2:64082)
    at wo (https://plugin.intuitcdn.net/web-shell/5.289.1-apr.3544.b.50/integration/961.js:2:76559)
    at xi (https://plugin.intuitcdn.net/web-shell/5.289.1-apr.3544.b.50/integration/961.js:2:125106)
    at bs (https://plugin.intuitcdn.net/web-shell/5.289.1-apr.3544.b.50/integration/961.js:2:112299) @ https://mailchimp.com/cdn/product/release/dist/js-src/73550.ab2c6c14344a6302.js:0
[  269604ms] [WARNING] translationUtils: no IntlProvider reachable, falling back to defaultMessage Error: [React Intl] Could not find required `intl` object. <IntlProvider> needs to exist in the component ancestry.
    at o (https://plugin.intuitcdn.net/mcf-ui/5650.fcf4282198302403.js:2:2742)
    at s (https://plugin.intuitcdn.net/mcf-ui/5650.fcf4282198302403.js:2:54267)
    at a (https://plugin.intuitcdn.net/mcf-ui/5650.fcf4282198302403.js:2:54117)
    at ke (https://plugin.intuitcdn.net/mcf-ui/6118.89d0fabf56c5a45c.js:2:50226)
    at https://plugin.intuitcdn.net/mcf-ui/3119.6caa88485d0e65bf.js:2:28238
    at https://plugin.intuitcdn.net/mcf-ui/3119.6caa88485d0e65bf.js:2:28530
    at hu (https://plugin.intuitcdn.net/web-shell/5.289.1-apr.3544.b.50/integration/961.js:2:64082)
    at wo (https://plugin.intuitcdn.net/web-shell/5.289.1-apr.3544.b.50/integration/961.js:2:76559)
    at xi (https://plugin.intuitcdn.net/web-shell/5.289.1-apr.3544.b.50/integration/961.js:2:125106)
    at bs (https://plugin.intuitcdn.net/web-shell/5.289.1-apr.3544.b.50/integration/961.js:2:112299) @ https://mailchimp.com/cdn/product/release/dist/js-src/73550.ab2c6c14344a6302.js:0
[  269604ms] [WARNING] translationUtils: no IntlProvider reachable, falling back to defaultMessage Error: [React Intl] Could not find required `intl` object. <IntlProvider> needs to exist in the component ancestry.
    at o (https://plugin.intuitcdn.net/mcf-ui/5650.fcf4282198302403.js:2:2742)
    at s (https://plugin.intuitcdn.net/mcf-ui/5650.fcf4282198302403.js:2:54267)
    at a (https://plugin.intuitcdn.net/mcf-ui/5650.fcf4282198302403.js:2:54117)
    at ke (https://plugin.intuitcdn.net/mcf-ui/6118.89d0fabf56c5a45c.js:2:50226)
    at https://plugin.intuitcdn.net/mcf-ui/3119.6caa88485d0e65bf.js:2:28315
    at https://plugin.intuitcdn.net/mcf-ui/3119.6caa88485d0e65bf.js:2:28530
    at hu (https://plugin.intuitcdn.net/web-shell/5.289.1-apr.3544.b.50/integration/961.js:2:64082)
    at wo (https://plugin.intuitcdn.net/web-shell/5.289.1-apr.3544.b.50/integration/961.js:2:76559)
    at xi (https://plugin.intuitcdn.net/web-shell/5.289.1-apr.3544.b.50/integration/961.js:2:125106)
    at bs (https://plugin.intuitcdn.net/web-shell/5.289.1-apr.3544.b.50/integration/961.js:2:112299) @ https://mailchimp.com/cdn/product/release/dist/js-src/73550.ab2c6c14344a6302.js:0
[  269606ms] [WARNING] translationUtils: no IntlProvider reachable, falling back to defaultMessage Error: [React Intl] Could not find required `intl` object. <IntlProvider> needs to exist in the component ancestry.
    at o (https://plugin.intuitcdn.net/mcf-ui/5650.fcf4282198302403.js:2:2742)
    at s (https://plugin.intuitcdn.net/mcf-ui/5650.fcf4282198302403.js:2:54267)
    at a (https://plugin.intuitcdn.net/mcf-ui/5650.fcf4282198302403.js:2:54117)
    at ke (https://plugin.intuitcdn.net/mcf-ui/6118.89d0fabf56c5a45c.js:2:50226)
    at https://plugin.intuitcdn.net/mcf-ui/3119.6caa88485d0e65bf.js:2:28468
    at https://plugin.intuitcdn.net/mcf-ui/3119.6caa88485d0e65bf.js:2:28530
    at hu (https://plugin.intuitcdn.net/web-shell/5.289.1-apr.3544.b.50/integration/961.js:2:64082)
    at wo (https://plugin.intuitcdn.net/web-shell/5.289.1-apr.3544.b.50/integration/961.js:2:76559)
    at xi (https://plugin.intuitcdn.net/web-shell/5.289.1-apr.3544.b.50/integration/961.js:2:125106)
    at bs (https://plugin.intuitcdn.net/web-shell/5.289.1-apr.3544.b.50/integration/961.js:2:112299) @ https://mailchimp.com/cdn/product/release/dist/js-src/73550.ab2c6c14344a6302.js:0
[  269607ms] [WARNING] translationUtils: no IntlProvider reachable, falling back to defaultMessage Error: [React Intl] Could not find required `intl` object. <IntlProvider> needs to exist in the component ancestry.
    at o (https://plugin.intuitcdn.net/mcf-ui/5650.fcf4282198302403.js:2:2742)
    at s (https://plugin.intuitcdn.net/mcf-ui/5650.fcf4282198302403.js:2:54267)
    at a (https://plugin.intuitcdn.net/mcf-ui/5650.fcf4282198302403.js:2:54117)
    at ke (https://plugin.intuitcdn.net/mcf-ui/6118.89d0fabf56c5a45c.js:2:50226)
    at i (https://plugin.intuitcdn.net/mcf-ui/9864.d2636f5e46ea810b.js:2:6714)
    at https://plugin.intuitcdn.net/mcf-ui/9864.d2636f5e46ea810b.js:2:4715
    at hu (https://plugin.intuitcdn.net/web-shell/5.289.1-apr.3544.b.50/integration/961.js:2:64082)
    at wo (https://plugin.intuitcdn.net/web-shell/5.289.1-apr.3544.b.50/integration/961.js:2:76559)
    at xi (https://plugin.intuitcdn.net/web-shell/5.289.1-apr.3544.b.50/integration/961.js:2:125106)
    at bs (https://plugin.intuitcdn.net/web-shell/5.289.1-apr.3544.b.50/integration/961.js:2:112299) @ https://mailchimp.com/cdn/product/release/dist/js-src/73550.ab2c6c14344a6302.js:0
[  269607ms] [WARNING] translationUtils: no IntlProvider reachable, falling back to defaultMessage Error: [React Intl] Could not find required `intl` object. <IntlProvider> needs to exist in the component ancestry.
    at o (https://plugin.intuitcdn.net/mcf-ui/5650.fcf4282198302403.js:2:2742)
    at s (https://plugin.intuitcdn.net/mcf-ui/5650.fcf4282198302403.js:2:54267)
    at a (https://plugin.intuitcdn.net/mcf-ui/5650.fcf4282198302403.js:2:54117)
    at ke (https://plugin.intuitcdn.net/mcf-ui/6118.89d0fabf56c5a45c.js:2:50226)
    at i (https://plugin.intuitcdn.net/mcf-ui/9864.d2636f5e46ea810b.js:2:6781)
    at https://plugin.intuitcdn.net/mcf-ui/9864.d2636f5e46ea810b.js:2:4715
    at hu (https://plugin.intuitcdn.net/web-shell/5.289.1-apr.3544.b.50/integration/961.js:2:64082)
    at wo (https://plugin.intuitcdn.net/web-shell/5.289.1-apr.3544.b.50/integration/961.js:2:76559)
    at xi (https://plugin.intuitcdn.net/web-shell/5.289.1-apr.3544.b.50/integration/961.js:2:125106)
    at bs (https://plugin.intuitcdn.net/web-shell/5.289.1-apr.3544.b.50/integration/961.js:2:112299) @ https://mailchimp.com/cdn/product/release/dist/js-src/73550.ab2c6c14344a6302.js:0
[  269608ms] [WARNING] translationUtils: no IntlProvider reachable, falling back to defaultMessage Error: [React Intl] Could not find required `intl` object. <IntlProvider> needs to exist in the component ancestry.
    at o (https://plugin.intuitcdn.net/mcf-ui/5650.fcf4282198302403.js:2:2742)
    at s (https://plugin.intuitcdn.net/mcf-ui/5650.fcf4282198302403.js:2:54267)
    at a (https://plugin.intuitcdn.net/mcf-ui/5650.fcf4282198302403.js:2:54117)
    at ke (https://plugin.intuitcdn.net/mcf-ui/6118.89d0fabf56c5a45c.js:2:50226)
    at i (https://plugin.intuitcdn.net/mcf-ui/9864.d2636f5e46ea810b.js:2:6853)
    at https://plugin.intuitcdn.net/mcf-ui/9864.d2636f5e46ea810b.js:2:4715
    at hu (https://plugin.intuitcdn.net/web-shell/5.289.1-apr.3544.b.50/integration/961.js:2:64082)
    at wo (https://plugin.intuitcdn.net/web-shell/5.289.1-apr.3544.b.50/integration/961.js:2:76559)
    at xi (https://plugin.intuitcdn.net/web-shell/5.289.1-apr.3544.b.50/integration/961.js:2:125106)
    at bs (https://plugin.intuitcdn.net/web-shell/5.289.1-apr.3544.b.50/integration/961.js:2:112299) @ https://mailchimp.com/cdn/product/release/dist/js-src/73550.ab2c6c14344a6302.js:0
[  269608ms] [WARNING] translationUtils: no IntlProvider reachable, falling back to defaultMessage Error: [React Intl] Could not find required `intl` object. <IntlProvider> needs to exist in the component ancestry.
    at o (https://plugin.intuitcdn.net/mcf-ui/5650.fcf4282198302403.js:2:2742)
    at s (https://plugin.intuitcdn.net/mcf-ui/5650.fcf4282198302403.js:2:54267)
    at a (https://plugin.intuitcdn.net/mcf-ui/5650.fcf4282198302403.js:2:54117)
    at ke (https://plugin.intuitcdn.net/mcf-ui/6118.89d0fabf56c5a45c.js:2:50226)
    at i (https://plugin.intuitcdn.net/mcf-ui/9864.d2636f5e46ea810b.js:2:6936)
    at https://plugin.intuitcdn.net/mcf-ui/9864.d2636f5e46ea810b.js:2:4715
    at hu (https://plugin.intuitcdn.net/web-shell/5.289.1-apr.3544.b.50/integration/961.js:2:64082)
    at wo (https://plugin.intuitcdn.net/web-shell/5.289.1-apr.3544.b.50/integration/961.js:2:76559)
    at xi (https://plugin.intuitcdn.net/web-shell/5.289.1-apr.3544.b.50/integration/961.js:2:125106)
    at bs (https://plugin.intuitcdn.net/web-shell/5.289.1-apr.3544.b.50/integration/961.js:2:112299) @ https://mailchimp.com/cdn/product/release/dist/js-src/73550.ab2c6c14344a6302.js:0
[  269608ms] [WARNING] translationUtils: no IntlProvider reachable, falling back to defaultMessage Error: [React Intl] Could not find required `intl` object. <IntlProvider> needs to exist in the component ancestry.
    at o (https://plugin.intuitcdn.net/mcf-ui/5650.fcf4282198302403.js:2:2742)
    at s (https://plugin.intuitcdn.net/mcf-ui/5650.fcf4282198302403.js:2:54267)
    at a (https://plugin.intuitcdn.net/mcf-ui/5650.fcf4282198302403.js:2:54117)
    at ke (https://plugin.intuitcdn.net/mcf-ui/6118.89d0fabf56c5a45c.js:2:50226)
    at i (https://plugin.intuitcdn.net/mcf-ui/9864.d2636f5e46ea810b.js:2:7020)
    at https://plugin.intuitcdn.net/mcf-ui/9864.d2636f5e46ea810b.js:2:4715
    at hu (https://plugin.intuitcdn.net/web-shell/5.289.1-apr.3544.b.50/integration/961.js:2:64082)
    at wo (https://plugin.intuitcdn.net/web-shell/5.289.1-apr.3544.b.50/integration/961.js:2:76559)
    at xi (https://plugin.intuitcdn.net/web-shell/5.289.1-apr.3544.b.50/integration/961.js:2:125106)
    at bs (https://plugin.intuitcdn.net/web-shell/5.289.1-apr.3544.b.50/integration/961.js:2:112299) @ https://mailchimp.com/cdn/product/release/dist/js-src/73550.ab2c6c14344a6302.js:0
[  269609ms] [WARNING] translationUtils: no IntlProvider reachable, falling back to defaultMessage Error: [React Intl] Could not find required `intl` object. <IntlProvider> needs to exist in the component ancestry.
    at o (https://plugin.intuitcdn.net/mcf-ui/5650.fcf4282198302403.js:2:2742)
    at s (https://plugin.intuitcdn.net/mcf-ui/5650.fcf4282198302403.js:2:54267)
    at a (https://plugin.intuitcdn.net/mcf-ui/5650.fcf4282198302403.js:2:54117)
    at ke (https://plugin.intuitcdn.net/mcf-ui/6118.89d0fabf56c5a45c.js:2:50226)
    at i (https://plugin.intuitcdn.net/mcf-ui/9864.d2636f5e46ea810b.js:2:7097)
    at https://plugin.intuitcdn.net/mcf-ui/9864.d2636f5e46ea810b.js:2:4715
    at hu (https://plugin.intuitcdn.net/web-shell/5.289.1-apr.3544.b.50/integration/961.js:2:64082)
    at wo (https://plugin.intuitcdn.net/web-shell/5.289.1-apr.3544.b.50/integration/961.js:2:76559)
    at xi (https://plugin.intuitcdn.net/web-shell/5.289.1-apr.3544.b.50/integration/961.js:2:125106)
    at bs (https://plugin.intuitcdn.net/web-shell/5.289.1-apr.3544.b.50/integration/961.js:2:112299) @ https://mailchimp.com/cdn/product/release/dist/js-src/73550.ab2c6c14344a6302.js:0
[  269609ms] [WARNING] translationUtils: no IntlProvider reachable, falling back to defaultMessage Error: [React Intl] Could not find required `intl` object. <IntlProvider> needs to exist in the component ancestry.
    at o (https://plugin.intuitcdn.net/mcf-ui/5650.fcf4282198302403.js:2:2742)
    at s (https://plugin.intuitcdn.net/mcf-ui/5650.fcf4282198302403.js:2:54267)
    at a (https://plugin.intuitcdn.net/mcf-ui/5650.fcf4282198302403.js:2:54117)
    at ke (https://plugin.intuitcdn.net/mcf-ui/6118.89d0fabf56c5a45c.js:2:50226)
    at i (https://plugin.intuitcdn.net/mcf-ui/9864.d2636f5e46ea810b.js:2:7169)
    at https://plugin.intuitcdn.net/mcf-ui/9864.d2636f5e46ea810b.js:2:4715
    at hu (https://plugin.intuitcdn.net/web-shell/5.289.1-apr.3544.b.50/integration/961.js:2:64082)
    at wo (https://plugin.intuitcdn.net/web-shell/5.289.1-apr.3544.b.50/integration/961.js:2:76559)
    at xi (https://plugin.intuitcdn.net/web-shell/5.289.1-apr.3544.b.50/integration/961.js:2:125106)
    at bs (https://plugin.intuitcdn.net/web-shell/5.289.1-apr.3544.b.50/integration/961.js:2:112299) @ https://mailchimp.com/cdn/product/release/dist/js-src/73550.ab2c6c14344a6302.js:0
[  269609ms] [WARNING] translationUtils: no IntlProvider reachable, falling back to defaultMessage Error: [React Intl] Could not find required `intl` object. <IntlProvider> needs to exist in the component ancestry.
    at o (https://plugin.intuitcdn.net/mcf-ui/5650.fcf4282198302403.js:2:2742)
    at s (https://plugin.intuitcdn.net/mcf-ui/5650.fcf4282198302403.js:2:54267)
    at a (https://plugin.intuitcdn.net/mcf-ui/5650.fcf4282198302403.js:2:54117)
    at ke (https://plugin.intuitcdn.net/mcf-ui/6118.89d0fabf56c5a45c.js:2:50226)
    at i (https://plugin.intuitcdn.net/mcf-ui/9864.d2636f5e46ea810b.js:2:7320)
    at https://plugin.intuitcdn.net/mcf-ui/9864.d2636f5e46ea810b.js:2:4715
    at hu (https://plugin.intuitcdn.net/web-shell/5.289.1-apr.3544.b.50/integration/961.js:2:64082)
    at wo (https://plugin.intuitcdn.net/web-shell/5.289.1-apr.3544.b.50/integration/961.js:2:76559)
    at xi (https://plugin.intuitcdn.net/web-shell/5.289.1-apr.3544.b.50/integration/961.js:2:125106)
    at bs (https://plugin.intuitcdn.net/web-shell/5.289.1-apr.3544.b.50/integration/961.js:2:112299) @ https://mailchimp.com/cdn/product/release/dist/js-src/73550.ab2c6c14344a6302.js:0
[  269610ms] [WARNING] translationUtils: no IntlProvider reachable, falling back to defaultMessage Error: [React Intl] Could not find required `intl` object. <IntlProvider> needs to exist in the component ancestry.
    at o (https://plugin.intuitcdn.net/mcf-ui/5650.fcf4282198302403.js:2:2742)
    at s (https://plugin.intuitcdn.net/mcf-ui/5650.fcf4282198302403.js:2:54267)
    at a (https://plugin.intuitcdn.net/mcf-ui/5650.fcf4282198302403.js:2:54117)
    at ke (https://plugin.intuitcdn.net/mcf-ui/6118.89d0fabf56c5a45c.js:2:50226)
    at i (https://plugin.intuitcdn.net/mcf-ui/9864.d2636f5e46ea810b.js:2:7416)
    at https://plugin.intuitcdn.net/mcf-ui/9864.d2636f5e46ea810b.js:2:4715
    at hu (https://plugin.intuitcdn.net/web-shell/5.289.1-apr.3544.b.50/integration/961.js:2:64082)
    at wo (https://plugin.intuitcdn.net/web-shell/5.289.1-apr.3544.b.50/integration/961.js:2:76559)
    at xi (https://plugin.intuitcdn.net/web-shell/5.289.1-apr.3544.b.50/integration/961.js:2:125106)
    at bs (https://plugin.intuitcdn.net/web-shell/5.289.1-apr.3544.b.50/integration/961.js:2:112299) @ https://mailchimp.com/cdn/product/release/dist/js-src/73550.ab2c6c14344a6302.js:0
[  269610ms] [WARNING] translationUtils: no IntlProvider reachable, falling back to defaultMessage Error: [React Intl] Could not find required `intl` object. <IntlProvider> needs to exist in the component ancestry.
    at o (https://plugin.intuitcdn.net/mcf-ui/5650.fcf4282198302403.js:2:2742)
    at s (https://plugin.intuitcdn.net/mcf-ui/5650.fcf4282198302403.js:2:54267)
    at a (https://plugin.intuitcdn.net/mcf-ui/5650.fcf4282198302403.js:2:54117)
    at ke (https://plugin.intuitcdn.net/mcf-ui/6118.89d0fabf56c5a45c.js:2:50226)
    at i (https://plugin.intuitcdn.net/mcf-ui/9864.d2636f5e46ea810b.js:2:7531)
    at https://plugin.intuitcdn.net/mcf-ui/9864.d2636f5e46ea810b.js:2:4715
    at hu (https://plugin.intuitcdn.net/web-shell/5.289.1-apr.3544.b.50/integration/961.js:2:64082)
    at wo (https://plugin.intuitcdn.net/web-shell/5.289.1-apr.3544.b.50/integration/961.js:2:76559)
    at xi (https://plugin.intuitcdn.net/web-shell/5.289.1-apr.3544.b.50/integration/961.js:2:125106)
    at bs (https://plugin.intuitcdn.net/web-shell/5.289.1-apr.3544.b.50/integration/961.js:2:112299) @ https://mailchimp.com/cdn/product/release/dist/js-src/73550.ab2c6c14344a6302.js:0
[  269613ms] [WARNING] translationUtils: no IntlProvider reachable, falling back to defaultMessage Error: [React Intl] Could not find required `intl` object. <IntlProvider> needs to exist in the component ancestry.
    at o (https://plugin.intuitcdn.net/mcf-ui/5650.fcf4282198302403.js:2:2742)
    at s (https://plugin.intuitcdn.net/mcf-ui/5650.fcf4282198302403.js:2:54267)
    at a (https://plugin.intuitcdn.net/mcf-ui/5650.fcf4282198302403.js:2:54117)
    at ke (https://plugin.intuitcdn.net/mcf-ui/6118.89d0fabf56c5a45c.js:2:50226)
    at https://plugin.intuitcdn.net/mcf-ui/9864.d2636f5e46ea810b.js:2:45770
    at hu (https://plugin.intuitcdn.net/web-shell/5.289.1-apr.3544.b.50/integration/961.js:2:64082)
    at wo (https://plugin.intuitcdn.net/web-shell/5.289.1-apr.3544.b.50/integration/961.js:2:76559)
    at xi (https://plugin.intuitcdn.net/web-shell/5.289.1-apr.3544.b.50/integration/961.js:2:125106)
    at bs (https://plugin.intuitcdn.net/web-shell/5.289.1-apr.3544.b.50/integration/961.js:2:112299)
    at vs (https://plugin.intuitcdn.net/web-shell/5.289.1-apr.3544.b.50/integration/961.js:2:112227) @ https://mailchimp.com/cdn/product/release/dist/js-src/73550.ab2c6c14344a6302.js:0
[  269615ms] [WARNING] translationUtils: no IntlProvider reachable, falling back to defaultMessage Error: [React Intl] Could not find required `intl` object. <IntlProvider> needs to exist in the component ancestry.
    at o (https://plugin.intuitcdn.net/mcf-ui/5650.fcf4282198302403.js:2:2742)
    at s (https://plugin.intuitcdn.net/mcf-ui/5650.fcf4282198302403.js:2:54267)
    at a (https://plugin.intuitcdn.net/mcf-ui/5650.fcf4282198302403.js:2:54117)
    at ke (https://plugin.intuitcdn.net/mcf-ui/6118.89d0fabf56c5a45c.js:2:50226)
    at https://plugin.intuitcdn.net/mcf-ui/3119.6caa88485d0e65bf.js:2:6828
    at hu (https://plugin.intuitcdn.net/web-shell/5.289.1-apr.3544.b.50/integration/961.js:2:64082)
    at wo (https://plugin.intuitcdn.net/web-shell/5.289.1-apr.3544.b.50/integration/961.js:2:76559)
    at xi (https://plugin.intuitcdn.net/web-shell/5.289.1-apr.3544.b.50/integration/961.js:2:125106)
    at bs (https://plugin.intuitcdn.net/web-shell/5.289.1-apr.3544.b.50/integration/961.js:2:112299)
    at vs (https://plugin.intuitcdn.net/web-shell/5.289.1-apr.3544.b.50/integration/961.js:2:112227) @ https://mailchimp.com/cdn/product/release/dist/js-src/73550.ab2c6c14344a6302.js:0
[  269616ms] [WARNING] translationUtils: no IntlProvider reachable, falling back to defaultMessage Error: [React Intl] Could not find required `intl` object. <IntlProvider> needs to exist in the component ancestry.
    at o (https://plugin.intuitcdn.net/mcf-ui/5650.fcf4282198302403.js:2:2742)
    at s (https://plugin.intuitcdn.net/mcf-ui/5650.fcf4282198302403.js:2:54267)
    at a (https://plugin.intuitcdn.net/mcf-ui/5650.fcf4282198302403.js:2:54117)
    at ke (https://plugin.intuitcdn.net/mcf-ui/6118.89d0fabf56c5a45c.js:2:50226)
    at https://plugin.intuitcdn.net/mcf-ui/3119.6caa88485d0e65bf.js:2:27667
    at https://plugin.intuitcdn.net/mcf-ui/3119.6caa88485d0e65bf.js:2:28530
    at hu (https://plugin.intuitcdn.net/web-shell/5.289.1-apr.3544.b.50/integration/961.js:2:64082)
    at wo (https://plugin.intuitcdn.net/web-shell/5.289.1-apr.3544.b.50/integration/961.js:2:76559)
    at xi (https://plugin.intuitcdn.net/web-shell/5.289.1-apr.3544.b.50/integration/961.js:2:125106)
    at bs (https://plugin.intuitcdn.net/web-shell/5.289.1-apr.3544.b.50/integration/961.js:2:112299) @ https://mailchimp.com/cdn/product/release/dist/js-src/73550.ab2c6c14344a6302.js:0
[  269617ms] [WARNING] translationUtils: no IntlProvider reachable, falling back to defaultMessage Error: [React Intl] Could not find required `intl` object. <IntlProvider> needs to exist in the component ancestry.
    at o (https://plugin.intuitcdn.net/mcf-ui/5650.fcf4282198302403.js:2:2742)
    at s (https://plugin.intuitcdn.net/mcf-ui/5650.fcf4282198302403.js:2:54267)
    at a (https://plugin.intuitcdn.net/mcf-ui/5650.fcf4282198302403.js:2:54117)
    at ke (https://plugin.intuitcdn.net/mcf-ui/6118.89d0fabf56c5a45c.js:2:50226)
    at https://plugin.intuitcdn.net/mcf-ui/3119.6caa88485d0e65bf.js:2:27768
    at https://plugin.intuitcdn.net/mcf-ui/3119.6caa88485d0e65bf.js:2:28530
    at hu (https://plugin.intuitcdn.net/web-shell/5.289.1-apr.3544.b.50/integration/961.js:2:64082)
    at wo (https://plugin.intuitcdn.net/web-shell/5.289.1-apr.3544.b.50/integration/961.js:2:76559)
    at xi (https://plugin.intuitcdn.net/web-shell/5.289.1-apr.3544.b.50/integration/961.js:2:125106)
    at bs (https://plugin.intuitcdn.net/web-shell/5.289.1-apr.3544.b.50/integration/961.js:2:112299) @ https://mailchimp.com/cdn/product/release/dist/js-src/73550.ab2c6c14344a6302.js:0
[  269617ms] [WARNING] translationUtils: no IntlProvider reachable, falling back to defaultMessage Error: [React Intl] Could not find required `intl` object. <IntlProvider> needs to exist in the component ancestry.
    at o (https://plugin.intuitcdn.net/mcf-ui/5650.fcf4282198302403.js:2:2742)
    at s (https://plugin.intuitcdn.net/mcf-ui/5650.fcf4282198302403.js:2:54267)
    at a (https://plugin.intuitcdn.net/mcf-ui/5650.fcf4282198302403.js:2:54117)
    at ke (https://plugin.intuitcdn.net/mcf-ui/6118.89d0fabf56c5a45c.js:2:50226)
    at https://plugin.intuitcdn.net/mcf-ui/3119.6caa88485d0e65bf.js:2:27867
    at https://plugin.intuitcdn.net/mcf-ui/3119.6caa88485d0e65bf.js:2:28530
    at hu (https://plugin.intuitcdn.net/web-shell/5.289.1-apr.3544.b.50/integration/961.js:2:64082)
    at wo (https://plugin.intuitcdn.net/web-shell/5.289.1-apr.3544.b.50/integration/961.js:2:76559)
    at xi (https://plugin.intuitcdn.net/web-shell/5.289.1-apr.3544.b.50/integration/961.js:2:125106)
    at bs (https://plugin.intuitcdn.net/web-shell/5.289.1-apr.3544.b.50/integration/961.js:2:112299) @ https://mailchimp.com/cdn/product/release/dist/js-src/73550.ab2c6c14344a6302.js:0
[  269618ms] [WARNING] translationUtils: no IntlProvider reachable, falling back to defaultMessage Error: [React Intl] Could not find required `intl` object. <IntlProvider> needs to exist in the component ancestry.
    at o (https://plugin.intuitcdn.net/mcf-ui/5650.fcf4282198302403.js:2:2742)
    at s (https://plugin.intuitcdn.net/mcf-ui/5650.fcf4282198302403.js:2:54267)
    at a (https://plugin.intuitcdn.net/mcf-ui/5650.fcf4282198302403.js:2:54117)
    at ke (https://plugin.intuitcdn.net/mcf-ui/6118.89d0fabf56c5a45c.js:2:50226)
    at https://plugin.intuitcdn.net/mcf-ui/3119.6caa88485d0e65bf.js:2:27970
    at https://plugin.intuitcdn.net/mcf-ui/3119.6caa88485d0e65bf.js:2:28530
    at hu (https://plugin.intuitcdn.net/web-shell/5.289.1-apr.3544.b.50/integration/961.js:2:64082)
    at wo (https://plugin.intuitcdn.net/web-shell/5.289.1-apr.3544.b.50/integration/961.js:2:76559)
    at xi (https://plugin.intuitcdn.net/web-shell/5.289.1-apr.3544.b.50/integration/961.js:2:125106)
    at bs (https://plugin.intuitcdn.net/web-shell/5.289.1-apr.3544.b.50/integration/961.js:2:112299) @ https://mailchimp.com/cdn/product/release/dist/js-src/73550.ab2c6c14344a6302.js:0
[  269618ms] [WARNING] translationUtils: no IntlProvider reachable, falling back to defaultMessage Error: [React Intl] Could not find required `intl` object. <IntlProvider> needs to exist in the component ancestry.
    at o (https://plugin.intuitcdn.net/mcf-ui/5650.fcf4282198302403.js:2:2742)
    at s (https://plugin.intuitcdn.net/mcf-ui/5650.fcf4282198302403.js:2:54267)
    at a (https://plugin.intuitcdn.net/mcf-ui/5650.fcf4282198302403.js:2:54117)
    at ke (https://plugin.intuitcdn.net/mcf-ui/6118.89d0fabf56c5a45c.js:2:50226)
    at https://plugin.intuitcdn.net/mcf-ui/3119.6caa88485d0e65bf.js:2:28075
    at https://plugin.intuitcdn.net/mcf-ui/3119.6caa88485d0e65bf.js:2:28530
    at hu (https://plugin.intuitcdn.net/web-shell/5.289.1-apr.3544.b.50/integration/961.js:2:64082)
    at wo (https://plugin.intuitcdn.net/web-shell/5.289.1-apr.3544.b.50/integration/961.js:2:76559)
    at xi (https://plugin.intuitcdn.net/web-shell/5.289.1-apr.3544.b.50/integration/961.js:2:125106)
    at bs (https://plugin.intuitcdn.net/web-shell/5.289.1-apr.3544.b.50/integration/961.js:2:112299) @ https://mailchimp.com/cdn/product/release/dist/js-src/73550.ab2c6c14344a6302.js:0
[  269618ms] [WARNING] translationUtils: no IntlProvider reachable, falling back to defaultMessage Error: [React Intl] Could not find required `intl` object. <IntlProvider> needs to exist in the component ancestry.
    at o (https://plugin.intuitcdn.net/mcf-ui/5650.fcf4282198302403.js:2:2742)
    at s (https://plugin.intuitcdn.net/mcf-ui/5650.fcf4282198302403.js:2:54267)
    at a (https://plugin.intuitcdn.net/mcf-ui/5650.fcf4282198302403.js:2:54117)
    at ke (https://plugin.intuitcdn.net/mcf-ui/6118.89d0fabf56c5a45c.js:2:50226)
    at https://plugin.intuitcdn.net/mcf-ui/3119.6caa88485d0e65bf.js:2:28172
    at https://plugin.intuitcdn.net/mcf-ui/3119.6caa88485d0e65bf.js:2:28530
    at hu (https://plugin.intuitcdn.net/web-shell/5.289.1-apr.3544.b.50/integration/961.js:2:64082)
    at wo (https://plugin.intuitcdn.net/web-shell/5.289.1-apr.3544.b.50/integration/961.js:2:76559)
    at xi (https://plugin.intuitcdn.net/web-shell/5.289.1-apr.3544.b.50/integration/961.js:2:125106)
    at bs (https://plugin.intuitcdn.net/web-shell/5.289.1-apr.3544.b.50/integration/961.js:2:112299) @ https://mailchimp.com/cdn/product/release/dist/js-src/73550.ab2c6c14344a6302.js:0
[  269619ms] [WARNING] translationUtils: no IntlProvider reachable, falling back to defaultMessage Error: [React Intl] Could not find required `intl` object. <IntlProvider> needs to exist in the component ancestry.
    at o (https://plugin.intuitcdn.net/mcf-ui/5650.fcf4282198302403.js:2:2742)
    at s (https://plugin.intuitcdn.net/mcf-ui/5650.fcf4282198302403.js:2:54267)
    at a (https://plugin.intuitcdn.net/mcf-ui/5650.fcf4282198302403.js:2:54117)
    at ke (https://plugin.intuitcdn.net/mcf-ui/6118.89d0fabf56c5a45c.js:2:50226)
    at https://plugin.intuitcdn.net/mcf-ui/3119.6caa88485d0e65bf.js:2:28238
    at https://plugin.intuitcdn.net/mcf-ui/3119.6caa88485d0e65bf.js:2:28530
    at hu (https://plugin.intuitcdn.net/web-shell/5.289.1-apr.3544.b.50/integration/961.js:2:64082)
    at wo (https://plugin.intuitcdn.net/web-shell/5.289.1-apr.3544.b.50/integration/961.js:2:76559)
    at xi (https://plugin.intuitcdn.net/web-shell/5.289.1-apr.3544.b.50/integration/961.js:2:125106)
    at bs (https://plugin.intuitcdn.net/web-shell/5.289.1-apr.3544.b.50/integration/961.js:2:112299) @ https://mailchimp.com/cdn/product/release/dist/js-src/73550.ab2c6c14344a6302.js:0
[  269619ms] [WARNING] translationUtils: no IntlProvider reachable, falling back to defaultMessage Error: [React Intl] Could not find required `intl` object. <IntlProvider> needs to exist in the component ancestry.
    at o (https://plugin.intuitcdn.net/mcf-ui/5650.fcf4282198302403.js:2:2742)
    at s (https://plugin.intuitcdn.net/mcf-ui/5650.fcf4282198302403.js:2:54267)
    at a (https://plugin.intuitcdn.net/mcf-ui/5650.fcf4282198302403.js:2:54117)
    at ke (https://plugin.intuitcdn.net/mcf-ui/6118.89d0fabf56c5a45c.js:2:50226)
    at https://plugin.intuitcdn.net/mcf-ui/3119.6caa88485d0e65bf.js:2:28315
    at https://plugin.intuitcdn.net/mcf-ui/3119.6caa88485d0e65bf.js:2:28530
    at hu (https://plugin.intuitcdn.net/web-shell/5.289.1-apr.3544.b.50/integration/961.js:2:64082)
    at wo (https://plugin.intuitcdn.net/web-shell/5.289.1-apr.3544.b.50/integration/961.js:2:76559)
    at xi (https://plugin.intuitcdn.net/web-shell/5.289.1-apr.3544.b.50/integration/961.js:2:125106)
    at bs (https://plugin.intuitcdn.net/web-shell/5.289.1-apr.3544.b.50/integration/961.js:2:112299) @ https://mailchimp.com/cdn/product/release/dist/js-src/73550.ab2c6c14344a6302.js:0
[  269619ms] [WARNING] translationUtils: no IntlProvider reachable, falling back to defaultMessage Error: [React Intl] Could not find required `intl` object. <IntlProvider> needs to exist in the component ancestry.
    at o (https://plugin.intuitcdn.net/mcf-ui/5650.fcf4282198302403.js:2:2742)
    at s (https://plugin.intuitcdn.net/mcf-ui/5650.fcf4282198302403.js:2:54267)
    at a (https://plugin.intuitcdn.net/mcf-ui/5650.fcf4282198302403.js:2:54117)
    at ke (https://plugin.intuitcdn.net/mcf-ui/6118.89d0fabf56c5a45c.js:2:50226)
    at https://plugin.intuitcdn.net/mcf-ui/3119.6caa88485d0e65bf.js:2:28468
    at https://plugin.intuitcdn.net/mcf-ui/3119.6caa88485d0e65bf.js:2:28530
    at hu (https://plugin.intuitcdn.net/web-shell/5.289.1-apr.3544.b.50/integration/961.js:2:64082)
    at wo (https://plugin.intuitcdn.net/web-shell/5.289.1-apr.3544.b.50/integration/961.js:2:76559)
    at xi (https://plugin.intuitcdn.net/web-shell/5.289.1-apr.3544.b.50/integration/961.js:2:125106)
    at bs (https://plugin.intuitcdn.net/web-shell/5.289.1-apr.3544.b.50/integration/961.js:2:112299) @ https://mailchimp.com/cdn/product/release/dist/js-src/73550.ab2c6c14344a6302.js:0
[  269620ms] [WARNING] translationUtils: no IntlProvider reachable, falling back to defaultMessage Error: [React Intl] Could not find required `intl` object. <IntlProvider> needs to exist in the component ancestry.
    at o (https://plugin.intuitcdn.net/mcf-ui/5650.fcf4282198302403.js:2:2742)
    at s (https://plugin.intuitcdn.net/mcf-ui/5650.fcf4282198302403.js:2:54267)
    at a (https://plugin.intuitcdn.net/mcf-ui/5650.fcf4282198302403.js:2:54117)
    at ke (https://plugin.intuitcdn.net/mcf-ui/6118.89d0fabf56c5a45c.js:2:50226)
    at i (https://plugin.intuitcdn.net/mcf-ui/9864.d2636f5e46ea810b.js:2:6714)
    at https://plugin.intuitcdn.net/mcf-ui/9864.d2636f5e46ea810b.js:2:4715
    at hu (https://plugin.intuitcdn.net/web-shell/5.289.1-apr.3544.b.50/integration/961.js:2:64082)
    at wo (https://plugin.intuitcdn.net/web-shell/5.289.1-apr.3544.b.50/integration/961.js:2:76559)
    at xi (https://plugin.intuitcdn.net/web-shell/5.289.1-apr.3544.b.50/integration/961.js:2:125106)
    at bs (https://plugin.intuitcdn.net/web-shell/5.289.1-apr.3544.b.50/integration/961.js:2:112299) @ https://mailchimp.com/cdn/product/release/dist/js-src/73550.ab2c6c14344a6302.js:0
[  269621ms] [WARNING] translationUtils: no IntlProvider reachable, falling back to defaultMessage Error: [React Intl] Could not find required `intl` object. <IntlProvider> needs to exist in the component ancestry.
    at o (https://plugin.intuitcdn.net/mcf-ui/5650.fcf4282198302403.js:2:2742)
    at s (https://plugin.intuitcdn.net/mcf-ui/5650.fcf4282198302403.js:2:54267)
    at a (https://plugin.intuitcdn.net/mcf-ui/5650.fcf4282198302403.js:2:54117)
    at ke (https://plugin.intuitcdn.net/mcf-ui/6118.89d0fabf56c5a45c.js:2:50226)
    at i (https://plugin.intuitcdn.net/mcf-ui/9864.d2636f5e46ea810b.js:2:6781)
    at https://plugin.intuitcdn.net/mcf-ui/9864.d2636f5e46ea810b.js:2:4715
    at hu (https://plugin.intuitcdn.net/web-shell/5.289.1-apr.3544.b.50/integration/961.js:2:64082)
    at wo (https://plugin.intuitcdn.net/web-shell/5.289.1-apr.3544.b.50/integration/961.js:2:76559)
    at xi (https://plugin.intuitcdn.net/web-shell/5.289.1-apr.3544.b.50/integration/961.js:2:125106)
    at bs (https://plugin.intuitcdn.net/web-shell/5.289.1-apr.3544.b.50/integration/961.js:2:112299) @ https://mailchimp.com/cdn/product/release/dist/js-src/73550.ab2c6c14344a6302.js:0
[  269621ms] [WARNING] translationUtils: no IntlProvider reachable, falling back to defaultMessage Error: [React Intl] Could not find required `intl` object. <IntlProvider> needs to exist in the component ancestry.
    at o (https://plugin.intuitcdn.net/mcf-ui/5650.fcf4282198302403.js:2:2742)
    at s (https://plugin.intuitcdn.net/mcf-ui/5650.fcf4282198302403.js:2:54267)
    at a (https://plugin.intuitcdn.net/mcf-ui/5650.fcf4282198302403.js:2:54117)
    at ke (https://plugin.intuitcdn.net/mcf-ui/6118.89d0fabf56c5a45c.js:2:50226)
    at i (https://plugin.intuitcdn.net/mcf-ui/9864.d2636f5e46ea810b.js:2:6853)
    at https://plugin.intuitcdn.net/mcf-ui/9864.d2636f5e46ea810b.js:2:4715
    at hu (https://plugin.intuitcdn.net/web-shell/5.289.1-apr.3544.b.50/integration/961.js:2:64082)
    at wo (https://plugin.intuitcdn.net/web-shell/5.289.1-apr.3544.b.50/integration/961.js:2:76559)
    at xi (https://plugin.intuitcdn.net/web-shell/5.289.1-apr.3544.b.50/integration/961.js:2:125106)
    at bs (https://plugin.intuitcdn.net/web-shell/5.289.1-apr.3544.b.50/integration/961.js:2:112299) @ https://mailchimp.com/cdn/product/release/dist/js-src/73550.ab2c6c14344a6302.js:0
[  269621ms] [WARNING] translationUtils: no IntlProvider reachable, falling back to defaultMessage Error: [React Intl] Could not find required `intl` object. <IntlProvider> needs to exist in the component ancestry.
    at o (https://plugin.intuitcdn.net/mcf-ui/5650.fcf4282198302403.js:2:2742)
    at s (https://plugin.intuitcdn.net/mcf-ui/5650.fcf4282198302403.js:2:54267)
    at a (https://plugin.intuitcdn.net/mcf-ui/5650.fcf4282198302403.js:2:54117)
    at ke (https://plugin.intuitcdn.net/mcf-ui/6118.89d0fabf56c5a45c.js:2:50226)
    at i (https://plugin.intuitcdn.net/mcf-ui/9864.d2636f5e46ea810b.js:2:6936)
    at https://plugin.intuitcdn.net/mcf-ui/9864.d2636f5e46ea810b.js:2:4715
    at hu (https://plugin.intuitcdn.net/web-shell/5.289.1-apr.3544.b.50/integration/961.js:2:64082)
    at wo (https://plugin.intuitcdn.net/web-shell/5.289.1-apr.3544.b.50/integration/961.js:2:76559)
    at xi (https://plugin.intuitcdn.net/web-shell/5.289.1-apr.3544.b.50/integration/961.js:2:125106)
    at bs (https://plugin.intuitcdn.net/web-shell/5.289.1-apr.3544.b.50/integration/961.js:2:112299) @ https://mailchimp.com/cdn/product/release/dist/js-src/73550.ab2c6c14344a6302.js:0
[  269622ms] [WARNING] translationUtils: no IntlProvider reachable, falling back to defaultMessage Error: [React Intl] Could not find required `intl` object. <IntlProvider> needs to exist in the component ancestry.
    at o (https://plugin.intuitcdn.net/mcf-ui/5650.fcf4282198302403.js:2:2742)
    at s (https://plugin.intuitcdn.net/mcf-ui/5650.fcf4282198302403.js:2:54267)
    at a (https://plugin.intuitcdn.net/mcf-ui/5650.fcf4282198302403.js:2:54117)
    at ke (https://plugin.intuitcdn.net/mcf-ui/6118.89d0fabf56c5a45c.js:2:50226)
    at i (https://plugin.intuitcdn.net/mcf-ui/9864.d2636f5e46ea810b.js:2:7020)
    at https://plugin.intuitcdn.net/mcf-ui/9864.d2636f5e46ea810b.js:2:4715
    at hu (https://plugin.intuitcdn.net/web-shell/5.289.1-apr.3544.b.50/integration/961.js:2:64082)
    at wo (https://plugin.intuitcdn.net/web-shell/5.289.1-apr.3544.b.50/integration/961.js:2:76559)
    at xi (https://plugin.intuitcdn.net/web-shell/5.289.1-apr.3544.b.50/integration/961.js:2:125106)
    at bs (https://plugin.intuitcdn.net/web-shell/5.289.1-apr.3544.b.50/integration/961.js:2:112299) @ https://mailchimp.com/cdn/product/release/dist/js-src/73550.ab2c6c14344a6302.js:0
[  269622ms] [WARNING] translationUtils: no IntlProvider reachable, falling back to defaultMessage Error: [React Intl] Could not find required `intl` object. <IntlProvider> needs to exist in the component ancestry.
    at o (https://plugin.intuitcdn.net/mcf-ui/5650.fcf4282198302403.js:2:2742)
    at s (https://plugin.intuitcdn.net/mcf-ui/5650.fcf4282198302403.js:2:54267)
    at a (https://plugin.intuitcdn.net/mcf-ui/5650.fcf4282198302403.js:2:54117)
    at ke (https://plugin.intuitcdn.net/mcf-ui/6118.89d0fabf56c5a45c.js:2:50226)
    at i (https://plugin.intuitcdn.net/mcf-ui/9864.d2636f5e46ea810b.js:2:7097)
    at https://plugin.intuitcdn.net/mcf-ui/9864.d2636f5e46ea810b.js:2:4715
    at hu (https://plugin.intuitcdn.net/web-shell/5.289.1-apr.3544.b.50/integration/961.js:2:64082)
    at wo (https://plugin.intuitcdn.net/web-shell/5.289.1-apr.3544.b.50/integration/961.js:2:76559)
    at xi (https://plugin.intuitcdn.net/web-shell/5.289.1-apr.3544.b.50/integration/961.js:2:125106)
    at bs (https://plugin.intuitcdn.net/web-shell/5.289.1-apr.3544.b.50/integration/961.js:2:112299) @ https://mailchimp.com/cdn/product/release/dist/js-src/73550.ab2c6c14344a6302.js:0
[  269622ms] [WARNING] translationUtils: no IntlProvider reachable, falling back to defaultMessage Error: [React Intl] Could not find required `intl` object. <IntlProvider> needs to exist in the component ancestry.
    at o (https://plugin.intuitcdn.net/mcf-ui/5650.fcf4282198302403.js:2:2742)
    at s (https://plugin.intuitcdn.net/mcf-ui/5650.fcf4282198302403.js:2:54267)
    at a (https://plugin.intuitcdn.net/mcf-ui/5650.fcf4282198302403.js:2:54117)
    at ke (https://plugin.intuitcdn.net/mcf-ui/6118.89d0fabf56c5a45c.js:2:50226)
    at i (https://plugin.intuitcdn.net/mcf-ui/9864.d2636f5e46ea810b.js:2:7169)
    at https://plugin.intuitcdn.net/mcf-ui/9864.d2636f5e46ea810b.js:2:4715
    at hu (https://plugin.intuitcdn.net/web-shell/5.289.1-apr.3544.b.50/integration/961.js:2:64082)
    at wo (https://plugin.intuitcdn.net/web-shell/5.289.1-apr.3544.b.50/integration/961.js:2:76559)
    at xi (https://plugin.intuitcdn.net/web-shell/5.289.1-apr.3544.b.50/integration/961.js:2:125106)
    at bs (https://plugin.intuitcdn.net/web-shell/5.289.1-apr.3544.b.50/integration/961.js:2:112299) @ https://mailchimp.com/cdn/product/release/dist/js-src/73550.ab2c6c14344a6302.js:0
[  269623ms] [WARNING] translationUtils: no IntlProvider reachable, falling back to defaultMessage Error: [React Intl] Could not find required `intl` object. <IntlProvider> needs to exist in the component ancestry.
    at o (https://plugin.intuitcdn.net/mcf-ui/5650.fcf4282198302403.js:2:2742)
    at s (https://plugin.intuitcdn.net/mcf-ui/5650.fcf4282198302403.js:2:54267)
    at a (https://plugin.intuitcdn.net/mcf-ui/5650.fcf4282198302403.js:2:54117)
    at ke (https://plugin.intuitcdn.net/mcf-ui/6118.89d0fabf56c5a45c.js:2:50226)
    at i (https://plugin.intuitcdn.net/mcf-ui/9864.d2636f5e46ea810b.js:2:7320)
    at https://plugin.intuitcdn.net/mcf-ui/9864.d2636f5e46ea810b.js:2:4715
    at hu (https://plugin.intuitcdn.net/web-shell/5.289.1-apr.3544.b.50/integration/961.js:2:64082)
    at wo (https://plugin.intuitcdn.net/web-shell/5.289.1-apr.3544.b.50/integration/961.js:2:76559)
    at xi (https://plugin.intuitcdn.net/web-shell/5.289.1-apr.3544.b.50/integration/961.js:2:125106)
    at bs (https://plugin.intuitcdn.net/web-shell/5.289.1-apr.3544.b.50/integration/961.js:2:112299) @ https://mailchimp.com/cdn/product/release/dist/js-src/73550.ab2c6c14344a6302.js:0
[  269623ms] [WARNING] translationUtils: no IntlProvider reachable, falling back to defaultMessage Error: [React Intl] Could not find required `intl` object. <IntlProvider> needs to exist in the component ancestry.
    at o (https://plugin.intuitcdn.net/mcf-ui/5650.fcf4282198302403.js:2:2742)
    at s (https://plugin.intuitcdn.net/mcf-ui/5650.fcf4282198302403.js:2:54267)
    at a (https://plugin.intuitcdn.net/mcf-ui/5650.fcf4282198302403.js:2:54117)
    at ke (https://plugin.intuitcdn.net/mcf-ui/6118.89d0fabf56c5a45c.js:2:50226)
    at i (https://plugin.intuitcdn.net/mcf-ui/9864.d2636f5e46ea810b.js:2:7416)
    at https://plugin.intuitcdn.net/mcf-ui/9864.d2636f5e46ea810b.js:2:4715
    at hu (https://plugin.intuitcdn.net/web-shell/5.289.1-apr.3544.b.50/integration/961.js:2:64082)
    at wo (https://plugin.intuitcdn.net/web-shell/5.289.1-apr.3544.b.50/integration/961.js:2:76559)
    at xi (https://plugin.intuitcdn.net/web-shell/5.289.1-apr.3544.b.50/integration/961.js:2:125106)
    at bs (https://plugin.intuitcdn.net/web-shell/5.289.1-apr.3544.b.50/integration/961.js:2:112299) @ https://mailchimp.com/cdn/product/release/dist/js-src/73550.ab2c6c14344a6302.js:0
[  269623ms] [WARNING] translationUtils: no IntlProvider reachable, falling back to defaultMessage Error: [React Intl] Could not find required `intl` object. <IntlProvider> needs to exist in the component ancestry.
    at o (https://plugin.intuitcdn.net/mcf-ui/5650.fcf4282198302403.js:2:2742)
    at s (https://plugin.intuitcdn.net/mcf-ui/5650.fcf4282198302403.js:2:54267)
    at a (https://plugin.intuitcdn.net/mcf-ui/5650.fcf4282198302403.js:2:54117)
    at ke (https://plugin.intuitcdn.net/mcf-ui/6118.89d0fabf56c5a45c.js:2:50226)
    at i (https://plugin.intuitcdn.net/mcf-ui/9864.d2636f5e46ea810b.js:2:7531)
    at https://plugin.intuitcdn.net/mcf-ui/9864.d2636f5e46ea810b.js:2:4715
    at hu (https://plugin.intuitcdn.net/web-shell/5.289.1-apr.3544.b.50/integration/961.js:2:64082)
    at wo (https://plugin.intuitcdn.net/web-shell/5.289.1-apr.3544.b.50/integration/961.js:2:76559)
    at xi (https://plugin.intuitcdn.net/web-shell/5.289.1-apr.3544.b.50/integration/961.js:2:125106)
    at bs (https://plugin.intuitcdn.net/web-shell/5.289.1-apr.3544.b.50/integration/961.js:2:112299) @ https://mailchimp.com/cdn/product/release/dist/js-src/73550.ab2c6c14344a6302.js:0
[  269684ms] [LOG] widget-first-display {msgProps: Object, appProps: null, context: Object, queued: false, flushLogsImmediately: false} @ https://mailchimp.com/cdn/product/release/dist/js-src/73550.ab2c6c14344a6302.js:0
[  269685ms] [LOG] widget-ready {msgProps: Object, appProps: null, context: Object, queued: false, flushLogsImmediately: false} @ https://mailchimp.com/cdn/product/release/dist/js-src/73550.ab2c6c14344a6302.js:0
[  274014ms] [WARNING] [Laplace] reportUrl is not set, report will not be executed @ https://mailchimp.com/cdn/product/release/dist/js-src/73550.ab2c6c14344a6302.js:0
[  277262ms] [WARNING] The resource https://us10.admin.mailchimp.com/app-homepage/attribute?attribute=stores&list_id=906754 was preloaded using link preload but not used within a few seconds from the window's load event. Please make sure it has an appropriate `as` value and it is preloaded intentionally. @ https://us10.admin.mailchimp.com/forms/:0
[  279022ms] [WARNING] [Laplace] reportUrl is not set, report will not be executed @ https://mailchimp.com/cdn/product/release/dist/js-src/73550.ab2c6c14344a6302.js:0
[  282478ms] [WARNING] The resource https://us10.admin.mailchimp.com/app-homepage/attribute?attribute=stores&list_id=906754 was preloaded using link preload but not used within a few seconds from the window's load event. Please make sure it has an appropriate `as` value and it is preloaded intentionally. @ https://us10.admin.mailchimp.com/forms/:0
[  284032ms] [WARNING] [Laplace] reportUrl is not set, report will not be executed @ https://mailchimp.com/cdn/product/release/dist/js-src/73550.ab2c6c14344a6302.js:0
[  284505ms] [WARNING] [Laplace] reportUrl is not set, reportImmediately will not be executed @ https://mailchimp.com/cdn/product/release/dist/js-src/73550.ab2c6c14344a6302.js:0
[  284845ms] [LOG] https://uxfabric.app.intuit.com/v3/appfabric-integration/lib/ipd-integrations-webapp?appfabric_version=5.289.1-apr.3544.b.50 @ https://us10.admin.mailchimp.com/landing-pages/edit?id=44542:132
[  285072ms] [LOG] All core plugins started... @ https://plugin.intuitcdn.net/web-shell/5.289.1-apr.3544.b.50/integration/146.js:0
[  285088ms] [LOG] Plugins registered... @ https://plugin.intuitcdn.net/web-shell/5.289.1-apr.3544.b.50/integration/146.js:0
[  285089ms] [LOG] WebEvents: initing_WebEvents
: {"url":"wss://eventinggateway.api.intuit.com/v1/webevents","config":"{\"enabled\":true,\"url\":\"wss://eventinggateway.api.intuit.com/v1/webevents\",\"connectionType\":\"WSS\",\"authType\":\"OAuth2\"}"} @ https://plugin.intuitcdn.net/web-shell/5.289.1-apr.3544.b.50/integration/146.js:0
[  285089ms] [LOG] Application before-ready completed... @ https://plugin.intuitcdn.net/web-shell/5.289.1-apr.3544.b.50/integration/146.js:0
[  285091ms] [LOG] Application ready... @ https://plugin.intuitcdn.net/web-shell/5.289.1-apr.3544.b.50/integration/146.js:0
[  285092ms] [LOG] default delegate action handler  {typeName: webShellEvent.handle, category: webShellEvent, command: handle, payload: Object, context: Object} @ https://plugin.intuitcdn.net/web-shell/5.289.1-apr.3544.b.50/integration/applicationFactory.js:0
[  285102ms] [LOG] Shell - successfully initialized RUM module {msgProps: Object, appProps: null, context: Object, queued: true, flushLogsImmediately: false} @ https://plugin.intuitcdn.net/web-shell/5.289.1-apr.3544.b.50/integration/5198.js:0
[  286636ms] [LOG] Queuing a session check in  1454.4 @ https://mailchimp.com/cdn/product/release/dist/js-src/73550.ab2c6c14344a6302.js:0
[  286737ms] [LOG] widget-request-start {msgProps: Object, appProps: null, context: Object, queued: false, flushLogsImmediately: false} @ https://mailchimp.com/cdn/product/release/dist/js-src/73550.ab2c6c14344a6302.js:0
[  286738ms] [LOG] widget-load-start {msgProps: Object, appProps: null, context: Object, queued: false, flushLogsImmediately: false} @ https://mailchimp.com/cdn/product/release/dist/js-src/73550.ab2c6c14344a6302.js:0
[  286841ms] [LOG] widget-request-start {msgProps: Object, appProps: null, context: Object, queued: false, flushLogsImmediately: false} @ https://mailchimp.com/cdn/product/release/dist/js-src/73550.ab2c6c14344a6302.js:0
[  286842ms] [LOG] widget-request-start {msgProps: Object, appProps: null, context: Object, queued: false, flushLogsImmediately: false} @ https://mailchimp.com/cdn/product/release/dist/js-src/73550.ab2c6c14344a6302.js:0
[  286843ms] [LOG] widget-load-start {msgProps: Object, appProps: null, context: Object, queued: false, flushLogsImmediately: false} @ https://mailchimp.com/cdn/product/release/dist/js-src/73550.ab2c6c14344a6302.js:0
[  286844ms] [LOG] widget-load-start {msgProps: Object, appProps: null, context: Object, queued: false, flushLogsImmediately: false} @ https://mailchimp.com/cdn/product/release/dist/js-src/73550.ab2c6c14344a6302.js:0
[  286855ms] [WARNING] Unsatisfied version 10.3.1--pr.2531.59 from ADKJSONP of shared singleton module @appfabric/web-shell-core/widgets/BaseWidget (required ^7.32.1) @ https://mailchimp.com/cdn/product/release/dist/js-src/73550.ab2c6c14344a6302.js:0
[  286858ms] [WARNING] Unsatisfied version 4.4.1 from ADKJSONP of shared singleton module @design-systems/theme (required =6.1.8) @ https://mailchimp.com/cdn/product/release/dist/js-src/73550.ab2c6c14344a6302.js:0
[  286923ms] [LOG] Queuing a session check in  1454.4 @ https://mailchimp.com/cdn/product/release/dist/js-src/73550.ab2c6c14344a6302.js:0
[  286941ms] [LOG] Queuing a session check in  1454.4 @ https://mailchimp.com/cdn/product/release/dist/js-src/73550.ab2c6c14344a6302.js:0
[  286966ms] [WARNING] Unsatisfied version 4.4.1 from ADKJSONP of shared singleton module @design-systems/theme (required =4.7.2) @ https://mailchimp.com/cdn/product/release/dist/js-src/73550.ab2c6c14344a6302.js:0
[  287000ms] [LOG] widget-load-end {msgProps: Object, appProps: null, context: Object, queued: false, flushLogsImmediately: false} @ https://mailchimp.com/cdn/product/release/dist/js-src/73550.ab2c6c14344a6302.js:0
[  287009ms] [LOG] widget-mount {msgProps: Object, appProps: null, context: Object, queued: false, flushLogsImmediately: false} @ https://mailchimp.com/cdn/product/release/dist/js-src/73550.ab2c6c14344a6302.js:0
[  287081ms] [WARNING] Unsatisfied version 4.4.1 from ADKJSONP of shared singleton module @design-systems/theme (required =4.7.2) @ https://mailchimp.com/cdn/product/release/dist/js-src/73550.ab2c6c14344a6302.js:0
[  287088ms] [WARNING] Unsatisfied version 4.4.1 from ADKJSONP of shared singleton module @design-systems/theme (required =4.7.2) @ https://mailchimp.com/cdn/product/release/dist/js-src/73550.ab2c6c14344a6302.js:0
[  287089ms] [WARNING] Unsatisfied version 4.4.1 from ADKJSONP of shared singleton module @design-systems/theme (required =4.7.2) @ https://mailchimp.com/cdn/product/release/dist/js-src/73550.ab2c6c14344a6302.js:0
[  287106ms] [WARNING] Unsatisfied version 4.4.1 from ADKJSONP of shared singleton module @design-systems/theme (required =4.7.2) @ https://mailchimp.com/cdn/product/release/dist/js-src/73550.ab2c6c14344a6302.js:0
[  287119ms] [LOG] widget-request-start {msgProps: Object, appProps: null, context: Object, queued: false, flushLogsImmediately: false} @ https://mailchimp.com/cdn/product/release/dist/js-src/73550.ab2c6c14344a6302.js:0
[  287120ms] [LOG] widget-load-start {msgProps: Object, appProps: null, context: Object, queued: false, flushLogsImmediately: false} @ https://mailchimp.com/cdn/product/release/dist/js-src/73550.ab2c6c14344a6302.js:0
[  287141ms] [LOG] Queuing a session check in  1454.4 @ https://mailchimp.com/cdn/product/release/dist/js-src/73550.ab2c6c14344a6302.js:0
[  287155ms] [LOG] FAB Orchestrator has loaded {msgProps: Object, appProps: null, context: Object, queued: false, flushLogsImmediately: false} @ https://mailchimp.com/cdn/product/release/dist/js-src/73550.ab2c6c14344a6302.js:0
[  287156ms] [LOG] User does not have DIWM or BizTax entitlement, skipping expert match {msgProps: null, appProps: null, context: Object, queued: false, flushLogsImmediately: false} @ https://mailchimp.com/cdn/product/release/dist/js-src/73550.ab2c6c14344a6302.js:0
[  287158ms] [WARNING] module=Entitlements message=oihsAppAdapter.entitlements.getEntitlements is not implemented {msgProps: null, appProps: null, context: Object, queued: false, flushLogsImmediately: false} @ https://mailchimp.com/cdn/product/release/dist/js-src/73550.ab2c6c14344a6302.js:0
[  287159ms] [LOG] widget-first-display {msgProps: Object, appProps: null, context: Object, queued: false, flushLogsImmediately: false} @ https://mailchimp.com/cdn/product/release/dist/js-src/73550.ab2c6c14344a6302.js:0
[  287161ms] [LOG] widget-ready {msgProps: Object, appProps: null, context: Object, queued: false, flushLogsImmediately: false} @ https://mailchimp.com/cdn/product/release/dist/js-src/73550.ab2c6c14344a6302.js:0
[  287180ms] [LOG] widget-request-start {msgProps: Object, appProps: null, context: Object, queued: false, flushLogsImmediately: false} @ https://mailchimp.com/cdn/product/release/dist/js-src/73550.ab2c6c14344a6302.js:0
[  287181ms] [LOG] widget-load-start {msgProps: Object, appProps: null, context: Object, queued: false, flushLogsImmediately: false} @ https://mailchimp.com/cdn/product/release/dist/js-src/73550.ab2c6c14344a6302.js:0
[  287195ms] [LOG] widget-request-start {msgProps: Object, appProps: null, context: Object, queued: false, flushLogsImmediately: false} @ https://mailchimp.com/cdn/product/release/dist/js-src/73550.ab2c6c14344a6302.js:0
[  287196ms] [LOG] widget-load-start {msgProps: Object, appProps: null, context: Object, queued: false, flushLogsImmediately: false} @ https://mailchimp.com/cdn/product/release/dist/js-src/73550.ab2c6c14344a6302.js:0
[  287238ms] [LOG] widget-load-end {msgProps: Object, appProps: null, context: Object, queued: false, flushLogsImmediately: false} @ https://mailchimp.com/cdn/product/release/dist/js-src/73550.ab2c6c14344a6302.js:0
[  287242ms] [LOG] widget-mount {msgProps: Object, appProps: null, context: Object, queued: false, flushLogsImmediately: false} @ https://mailchimp.com/cdn/product/release/dist/js-src/73550.ab2c6c14344a6302.js:0
[  287267ms] [LOG] widget-load-end {msgProps: Object, appProps: null, context: Object, queued: false, flushLogsImmediately: false} @ https://mailchimp.com/cdn/product/release/dist/js-src/73550.ab2c6c14344a6302.js:0
[  287275ms] [ERROR] WidgetManager: widgetEntity not found for discoveryRecs
: Error: WidgetManager: widgetEntity not found for discoveryRecs
: {"startTime":"2026-09-28T10:12:37.703Z","widgetId":"discoveryRecs","widgetVersion":"1.0.0","isPreloadWidget":false,"consumingWidgetId":"ipd/global-header","consumingPluginId":"marketing-ipd-tsa-widgets","consumingWidgetInstanceId":"marketing-ipd-tsa-widgets:ipd/global-header@1.0.0:1114","consumingWidgetVersion":"1.0.0","failureReason":"WIDGET_ID_NOT_REGISTERED","requestedVersion":"1.0.0","availableVersions":[],"registeredWidgetCount":657,"registeredPluginCount":92}

Error: WidgetManager: widgetEntity not found for discoveryRecs
    at c._handleMissingWidgetEntity (https://plugin.intuitcdn.net/web-shell/5.289.1-apr.3544.b.50/integration/3279.js:1:14088)
    at https://plugin.intuitcdn.net/web-shell/5.289.1-apr.3544.b.50/integration/3279.js:1:17689 @ https://mailchimp.com/cdn/product/release/dist/js-src/73550.ab2c6c14344a6302.js:0
[  287276ms] [ERROR] WidgetManager: widgetEntity not found for discoveryRecs {msgProps: Object, appProps: null, context: Object, queued: false, flushLogsImmediately: true} Error: WidgetManager: widgetEntity not found for discoveryRecs
    at c._handleMissingWidgetEntity (https://plugin.intuitcdn.net/web-shell/5.289.1-apr.3544.b.50/integration/3279.js:1:14088)
    at https://plugin.intuitcdn.net/web-shell/5.289.1-apr.3544.b.50/integration/3279.js:1:17689 @ https://mailchimp.com/cdn/product/release/dist/js-src/73550.ab2c6c14344a6302.js:0
[  287283ms] [ERROR] WidgetManager: widgetEntity not found for discoveryRecs
: Error: WidgetManager: widgetEntity not found for discoveryRecs
: {"startTime":"2026-09-28T10:12:37.704Z","widgetId":"discoveryRecs","widgetVersion":"1.0.0","isPreloadWidget":false,"consumingWidgetId":"ipd/global-header","consumingPluginId":"marketing-ipd-tsa-widgets","consumingWidgetInstanceId":"marketing-ipd-tsa-widgets:ipd/global-header@1.0.0:1114","consumingWidgetVersion":"1.0.0","failureReason":"WIDGET_ID_NOT_REGISTERED","requestedVersion":"1.0.0","availableVersions":[],"registeredWidgetCount":657,"registeredPluginCount":92}

Error: WidgetManager: widgetEntity not found for discoveryRecs
    at c._handleMissingWidgetEntity (https://plugin.intuitcdn.net/web-shell/5.289.1-apr.3544.b.50/integration/3279.js:1:14088)
    at https://plugin.intuitcdn.net/web-shell/5.289.1-apr.3544.b.50/integration/3279.js:1:17689 @ https://mailchimp.com/cdn/product/release/dist/js-src/73550.ab2c6c14344a6302.js:0
[  287284ms] [ERROR] WidgetManager: widgetEntity not found for discoveryRecs {msgProps: Object, appProps: null, context: Object, queued: false, flushLogsImmediately: true} Error: WidgetManager: widgetEntity not found for discoveryRecs
    at c._handleMissingWidgetEntity (https://plugin.intuitcdn.net/web-shell/5.289.1-apr.3544.b.50/integration/3279.js:1:14088)
    at https://plugin.intuitcdn.net/web-shell/5.289.1-apr.3544.b.50/integration/3279.js:1:17689 @ https://mailchimp.com/cdn/product/release/dist/js-src/73550.ab2c6c14344a6302.js:0
[  287289ms] [ERROR] Failed to resolve IPD orchestration experiment {msgProps: Object, appProps: null, context: Object, queued: false, flushLogsImmediately: false} @ https://mailchimp.com/cdn/product/release/dist/js-src/73550.ab2c6c14344a6302.js:0
[  287295ms] [LOG] widget-mount {msgProps: Object, appProps: null, context: Object, queued: false, flushLogsImmediately: false} @ https://mailchimp.com/cdn/product/release/dist/js-src/73550.ab2c6c14344a6302.js:0
[  287296ms] [LOG] widget-request-start {msgProps: Object, appProps: null, context: Object, queued: false, flushLogsImmediately: false} @ https://mailchimp.com/cdn/product/release/dist/js-src/73550.ab2c6c14344a6302.js:0
[  287297ms] [LOG] widget-manager-error {msgProps: Object, appProps: null, context: Object, queued: false, flushLogsImmediately: false} @ https://mailchimp.com/cdn/product/release/dist/js-src/73550.ab2c6c14344a6302.js:0
[  287300ms] [LOG] widget-request-start {msgProps: Object, appProps: null, context: Object, queued: false, flushLogsImmediately: false} @ https://mailchimp.com/cdn/product/release/dist/js-src/73550.ab2c6c14344a6302.js:0
[  287301ms] [LOG] widget-manager-error {msgProps: Object, appProps: null, context: Object, queued: false, flushLogsImmediately: false} @ https://mailchimp.com/cdn/product/release/dist/js-src/73550.ab2c6c14344a6302.js:0
[  287310ms] [LOG] widget-load-end {msgProps: Object, appProps: null, context: Object, queued: false, flushLogsImmediately: false} @ https://mailchimp.com/cdn/product/release/dist/js-src/73550.ab2c6c14344a6302.js:0
[  287313ms] [ERROR] WidgetManager: widgetEntity not found for discoveryRecs
: Error: WidgetManager: widgetEntity not found for discoveryRecs
: {"startTime":"2026-09-28T10:12:37.742Z","widgetId":"discoveryRecs","widgetVersion":"1.0.0","isPreloadWidget":false,"consumingWidgetId":"ipd/floating-card","consumingPluginId":"marketing-ipd-tsa-widgets","consumingWidgetInstanceId":"marketing-ipd-tsa-widgets:ipd/floating-card@1.0.0:1115","consumingWidgetVersion":"1.0.0","failureReason":"WIDGET_ID_NOT_REGISTERED","requestedVersion":"1.0.0","availableVersions":[],"registeredWidgetCount":657,"registeredPluginCount":92}

Error: WidgetManager: widgetEntity not found for discoveryRecs
    at c._handleMissingWidgetEntity (https://plugin.intuitcdn.net/web-shell/5.289.1-apr.3544.b.50/integration/3279.js:1:14088)
    at https://plugin.intuitcdn.net/web-shell/5.289.1-apr.3544.b.50/integration/3279.js:1:17689 @ https://mailchimp.com/cdn/product/release/dist/js-src/73550.ab2c6c14344a6302.js:0
[  287314ms] [ERROR] WidgetManager: widgetEntity not found for discoveryRecs {msgProps: Object, appProps: null, context: Object, queued: false, flushLogsImmediately: true} Error: WidgetManager: widgetEntity not found for discoveryRecs
    at c._handleMissingWidgetEntity (https://plugin.intuitcdn.net/web-shell/5.289.1-apr.3544.b.50/integration/3279.js:1:14088)
    at https://plugin.intuitcdn.net/web-shell/5.289.1-apr.3544.b.50/integration/3279.js:1:17689 @ https://mailchimp.com/cdn/product/release/dist/js-src/73550.ab2c6c14344a6302.js:0
[  287321ms] [LOG] widget-first-display {msgProps: Object, appProps: null, context: Object, queued: false, flushLogsImmediately: false} @ https://mailchimp.com/cdn/product/release/dist/js-src/73550.ab2c6c14344a6302.js:0
[  287324ms] [LOG] widget-ready {msgProps: Object, appProps: null, context: Object, queued: false, flushLogsImmediately: false} @ https://mailchimp.com/cdn/product/release/dist/js-src/73550.ab2c6c14344a6302.js:0
[  287326ms] [LOG] widget-mount {msgProps: Object, appProps: null, context: Object, queued: false, flushLogsImmediately: false} @ https://mailchimp.com/cdn/product/release/dist/js-src/73550.ab2c6c14344a6302.js:0
[  287327ms] [LOG] widget-request-start {msgProps: Object, appProps: null, context: Object, queued: false, flushLogsImmediately: false} @ https://mailchimp.com/cdn/product/release/dist/js-src/73550.ab2c6c14344a6302.js:0
[  287328ms] [LOG] widget-manager-error {msgProps: Object, appProps: null, context: Object, queued: false, flushLogsImmediately: false} @ https://mailchimp.com/cdn/product/release/dist/js-src/73550.ab2c6c14344a6302.js:0
[  287336ms] [WARNING] Unsatisfied version 10.3.1--pr.2531.59 from ADKJSONP of shared singleton module @appfabric/web-shell-core/widgets/BaseWidget (required =9.43.1) @ https://mailchimp.com/cdn/product/release/dist/js-src/73550.ab2c6c14344a6302.js:0
[  287343ms] [LOG] widget-ready {msgProps: Object, appProps: null, context: Object, queued: false, flushLogsImmediately: false} @ https://mailchimp.com/cdn/product/release/dist/js-src/73550.ab2c6c14344a6302.js:0
[  287354ms] [LOG] widget-load-end {msgProps: Object, appProps: null, context: Object, queued: false, flushLogsImmediately: false} @ https://mailchimp.com/cdn/product/release/dist/js-src/73550.ab2c6c14344a6302.js:0
[  287361ms] [LOG] widget-mount {msgProps: Object, appProps: null, context: Object, queued: false, flushLogsImmediately: false} @ https://mailchimp.com/cdn/product/release/dist/js-src/73550.ab2c6c14344a6302.js:0
[  287365ms] [LOG] FAB widget mounted. {msgProps: null, appProps: null, context: Object, queued: false, flushLogsImmediately: false} @ https://mailchimp.com/cdn/product/release/dist/js-src/73550.ab2c6c14344a6302.js:0
[  287377ms] [LOG] FAB interactive state set {msgProps: Object, appProps: null, context: Object, queued: false, flushLogsImmediately: false} @ https://mailchimp.com/cdn/product/release/dist/js-src/73550.ab2c6c14344a6302.js:0
[  287378ms] [LOG] oihs-performance:oihs:load:one-intuit-help-system/fab {msgProps: Object, appProps: null, context: Object, queued: false, flushLogsImmediately: false} @ https://mailchimp.com/cdn/product/release/dist/js-src/73550.ab2c6c14344a6302.js:0
[  287379ms] [LOG] Queuing a session check in  1454.4 @ https://mailchimp.com/cdn/product/release/dist/js-src/73550.ab2c6c14344a6302.js:0
[  287380ms] [LOG] widget-first-display {msgProps: Object, appProps: null, context: Object, queued: false, flushLogsImmediately: false} @ https://mailchimp.com/cdn/product/release/dist/js-src/73550.ab2c6c14344a6302.js:0
[  287381ms] [LOG] widget-ready {msgProps: Object, appProps: null, context: Object, queued: false, flushLogsImmediately: false} @ https://mailchimp.com/cdn/product/release/dist/js-src/73550.ab2c6c14344a6302.js:0
[  287410ms] [LOG] widget-load-end {msgProps: Object, appProps: null, context: Object, queued: false, flushLogsImmediately: false} @ https://mailchimp.com/cdn/product/release/dist/js-src/73550.ab2c6c14344a6302.js:0
[  287426ms] [LOG] oihs-performance:oihs:load:conversation-hub-web/rehydrator {msgProps: Object, appProps: null, context: Object, queued: false, flushLogsImmediately: false} @ https://mailchimp.com/cdn/product/release/dist/js-src/73550.ab2c6c14344a6302.js:0
[  287427ms] [LOG] CONVERSATION_REHYDRATOR_CUSTOMER_JOINED_SUBSCRIBE:OWNER=UNKNOWN {msgProps: Object, appProps: null, context: Object, queued: false, flushLogsImmediately: false} @ https://mailchimp.com/cdn/product/release/dist/js-src/73550.ab2c6c14344a6302.js:0
[  287427ms] [LOG] CONVERSATION_REHYDRATOR_CUSTOMER_JOINED_SUBSCRIBE_SUCCESS:OWNER=UNKNOWN {msgProps: Object, appProps: null, context: Object, queued: false, flushLogsImmediately: false} @ https://mailchimp.com/cdn/product/release/dist/js-src/73550.ab2c6c14344a6302.js:0
[  287428ms] [LOG] CONVERSATION_REHYDRATOR_CUSTOMER_INITIATED_MEETING_SUBSCRIBE:OWNER=UNKNOWN {msgProps: Object, appProps: null, context: Object, queued: false, flushLogsImmediately: false} @ https://mailchimp.com/cdn/product/release/dist/js-src/73550.ab2c6c14344a6302.js:0
[  287428ms] [LOG] CONVERSATION_REHYDRATOR_CUSTOMER_INITIATED_MEETING_SUBSCRIBE_SUCCESS:OWNER=UNKNOWN {msgProps: Object, appProps: null, context: Object, queued: false, flushLogsImmediately: false} @ https://mailchimp.com/cdn/product/release/dist/js-src/73550.ab2c6c14344a6302.js:0
[  287430ms] [LOG] Queuing a session check in  1454.4 @ https://mailchimp.com/cdn/product/release/dist/js-src/73550.ab2c6c14344a6302.js:0
[  287433ms] [LOG] widget-mount {msgProps: Object, appProps: null, context: Object, queued: false, flushLogsImmediately: false} @ https://mailchimp.com/cdn/product/release/dist/js-src/73550.ab2c6c14344a6302.js:0
[  287435ms] [LOG] widget-first-display {msgProps: Object, appProps: null, context: Object, queued: false, flushLogsImmediately: false} @ https://mailchimp.com/cdn/product/release/dist/js-src/73550.ab2c6c14344a6302.js:0
[  287436ms] [LOG] widget-ready {msgProps: Object, appProps: null, context: Object, queued: false, flushLogsImmediately: false} @ https://mailchimp.com/cdn/product/release/dist/js-src/73550.ab2c6c14344a6302.js:0
[  287446ms] [LOG] WebEvents: loading controller {} @ https://mailchimp.com/cdn/product/release/dist/js-src/73550.ab2c6c14344a6302.js:0
[  287446ms] [LOG] WebEvents: importing_and_initializing_pubsub_and_transport {} @ https://mailchimp.com/cdn/product/release/dist/js-src/73550.ab2c6c14344a6302.js:0
[  287448ms] [LOG] WebEvents: getting_transport_code {} @ https://mailchimp.com/cdn/product/release/dist/js-src/73550.ab2c6c14344a6302.js:0
[  287462ms] [LOG] CONVERSATION_REHYDRATOR_BEARER_TOKEN_SUCCESS:OWNER=UNKNOWN {msgProps: Object, appProps: null, context: Object, queued: false, flushLogsImmediately: false} @ https://mailchimp.com/cdn/product/release/dist/js-src/73550.ab2c6c14344a6302.js:0
[  287472ms] [LOG] AuthId found in storage, skipping identity call:OWNER=UNKNOWN {msgProps: Object, appProps: null, context: Object, queued: false, flushLogsImmediately: false} @ https://mailchimp.com/cdn/product/release/dist/js-src/73550.ab2c6c14344a6302.js:0
[  287473ms] [LOG] CONVERSATION_REHYDRATOR_CUSTOMER_JOINED_SUBSCRIBE:OWNER=UNKNOWN {msgProps: Object, appProps: null, context: Object, queued: false, flushLogsImmediately: false} @ https://mailchimp.com/cdn/product/release/dist/js-src/73550.ab2c6c14344a6302.js:0
[  287473ms] [LOG] CONVERSATION_REHYDRATOR_CUSTOMER_JOINED_SUBSCRIBE_SUCCESS:OWNER=UNKNOWN {msgProps: Object, appProps: null, context: Object, queued: false, flushLogsImmediately: false} @ https://mailchimp.com/cdn/product/release/dist/js-src/73550.ab2c6c14344a6302.js:0
[  287474ms] [LOG] CONVERSATION_REHYDRATOR_CUSTOMER_INITIATED_MEETING_SUBSCRIBE:OWNER=UNKNOWN {msgProps: Object, appProps: null, context: Object, queued: false, flushLogsImmediately: false} @ https://mailchimp.com/cdn/product/release/dist/js-src/73550.ab2c6c14344a6302.js:0
[  287474ms] [LOG] CONVERSATION_REHYDRATOR_CUSTOMER_INITIATED_MEETING_SUBSCRIBE_SUCCESS:OWNER=UNKNOWN {msgProps: Object, appProps: null, context: Object, queued: false, flushLogsImmediately: false} @ https://mailchimp.com/cdn/product/release/dist/js-src/73550.ab2c6c14344a6302.js:0
[  287475ms] [LOG] conversation_rehydration:OWNER=UNKNOWN {msgProps: Object, appProps: null, context: Object, queued: false, flushLogsImmediately: false} @ https://mailchimp.com/cdn/product/release/dist/js-src/73550.ab2c6c14344a6302.js:0
[  287486ms] [LOG] WebEvents: subscribing_adding_to_pubsub {topic: conversation.management.intuit, target: 9411826025528801, configs.resourceOwner: 9411826025528801, configs.trackConnection: true, configs.txId: 37decf8a-b273-4ecf-9b58-fb96d3009f26} @ https://mailchimp.com/cdn/product/release/dist/js-src/73550.ab2c6c14344a6302.js:0
[  287487ms] [LOG] WebEvents: subscription_added_to_pubsub {topic: conversation.management.intuit, target: 9411826025528801, token: _pubsub_uuid_0} @ https://mailchimp.com/cdn/product/release/dist/js-src/73550.ab2c6c14344a6302.js:0
[  287487ms] [LOG] WebEvents: adding_remote_topic {topic: conversation.management.intuit, target: 9411826025528801, options.resourceOwner: 9411826025528801, options.trackConnection: true, options.txId: 37decf8a-b273-4ecf-9b58-fb96d3009f26} @ https://mailchimp.com/cdn/product/release/dist/js-src/73550.ab2c6c14344a6302.js:0
[  287495ms] [LOG] Listening for chat rehydrate request {msgProps: null, appProps: null, context: Object, queued: false, flushLogsImmediately: false} @ https://mailchimp.com/cdn/product/release/dist/js-src/73550.ab2c6c14344a6302.js:0
[  287496ms] [WARNING] module=Entitlements message=oihsAppAdapter.entitlements.isPremium is not implemented {msgProps: null, appProps: null, context: Object, queued: false, flushLogsImmediately: false} @ https://mailchimp.com/cdn/product/release/dist/js-src/73550.ab2c6c14344a6302.js:0
[  287705ms] [LOG] Fetched conversations from ccs {msgProps: Object, appProps: null, context: Object, queued: false, flushLogsImmediately: false} @ https://mailchimp.com/cdn/product/release/dist/js-src/73550.ab2c6c14344a6302.js:0
[  287708ms] [LOG] CHAT: getOpenConversation candidates {msgProps: Object, appProps: null, context: Object, queued: false, flushLogsImmediately: false} @ https://mailchimp.com/cdn/product/release/dist/js-src/73550.ab2c6c14344a6302.js:0
[  287709ms] [LOG] CHAT: Conversion API response for chat hydration, conversationState: undefined {msgProps: Object, appProps: null, context: Object, queued: false, flushLogsImmediately: false} @ https://mailchimp.com/cdn/product/release/dist/js-src/73550.ab2c6c14344a6302.js:0
[  287710ms] [LOG] CHAT: no open conversation found {msgProps: Object, appProps: null, context: Object, queued: false, flushLogsImmediately: false} @ https://mailchimp.com/cdn/product/release/dist/js-src/73550.ab2c6c14344a6302.js:0
[  287714ms] [LOG] Fingerprints did not return a response for SBSEGMAILCHIMPBannerGlobalAlertBanner {msgProps: null, appProps: null, context: Object, queued: false, flushLogsImmediately: false} @ https://mailchimp.com/cdn/product/release/dist/js-src/73550.ab2c6c14344a6302.js:0
[  287720ms] [LOG] widget-first-display {msgProps: Object, appProps: null, context: Object, queued: false, flushLogsImmediately: false} @ https://mailchimp.com/cdn/product/release/dist/js-src/73550.ab2c6c14344a6302.js:0
[  287721ms] [LOG] widget-ready {msgProps: Object, appProps: null, context: Object, queued: false, flushLogsImmediately: false} @ https://mailchimp.com/cdn/product/release/dist/js-src/73550.ab2c6c14344a6302.js:0
[  287727ms] [LOG] CONVERSATION_REHYDRATOR_SEARCH_CONVERSATION_V2_SUCCESS:OWNER=UNKNOWN {msgProps: Object, appProps: null, context: Object, queued: false, flushLogsImmediately: false} @ https://mailchimp.com/cdn/product/release/dist/js-src/73550.ab2c6c14344a6302.js:0
[  287737ms] [LOG] Fingerprints did not return a response for SBSEGMAILCHIMPFCFloating {msgProps: null, appProps: null, context: Object, queued: false, flushLogsImmediately: false} @ https://mailchimp.com/cdn/product/release/dist/js-src/73550.ab2c6c14344a6302.js:0
[  287741ms] [LOG] WebEvents: connecting_to_backend
: {"url":"wss://eventinggateway.api.intuit.com/v1/webevents","tid":"240ae5c2-5125-418d-a860-73aa71d39d28"} @ https://mailchimp.com/cdn/product/release/dist/js-src/73550.ab2c6c14344a6302.js:0
[  287921ms] [LOG] Queuing a session check in  1454.4 @ https://mailchimp.com/cdn/product/release/dist/js-src/73550.ab2c6c14344a6302.js:0
[  288091ms] [LOG] WebEvents: Rsocket_connection_established_waiting_for_response {} @ https://mailchimp.com/cdn/product/release/dist/js-src/73550.ab2c6c14344a6302.js:0
[  288091ms] [LOG] WebEvents: connected_to_backend {} @ https://mailchimp.com/cdn/product/release/dist/js-src/73550.ab2c6c14344a6302.js:0
[  288092ms] [LOG] WebEvents: process_pending_subscription_topics
: {"toAddLength":1} @ https://mailchimp.com/cdn/product/release/dist/js-src/73550.ab2c6c14344a6302.js:0
[  288092ms] [LOG] WebEvents: subscribing_to_topic_on_backend
: {"txId":"37decf8a-b273-4ecf-9b58-fb96d3009f26","topic":"conversation.management.intuit","target":"9411826025528801","wem.txId":"37decf8a-b273-4ecf-9b58-fb96d3009f26","wem.spanId":"f516a74ed4b7ea76","wem.traceId":"47a226cd86bdb9bc61a7d859554e5d67"} @ https://mailchimp.com/cdn/product/release/dist/js-src/73550.ab2c6c14344a6302.js:0
[  288093ms] [WARNING] WebEvents: rsocket_connection_status_changed
: {"status":"CONNECTED","txId":"240ae5c2-5125-418d-a860-73aa71d39d28","connectionRetries":0} @ https://mailchimp.com/cdn/product/release/dist/js-src/73550.ab2c6c14344a6302.js:0
[  288093ms] [LOG] WebEvents: connected_with_rsocket_reference_id
: {"currentConnectionUUID":"b1856d58-7ed3-4d9f-892d-610601d164b0"} @ https://mailchimp.com/cdn/product/release/dist/js-src/73550.ab2c6c14344a6302.js:0
[  288094ms] [WARNING] WebEvents: rsocket_connection_status_changed {msgProps: Object, appProps: null, context: Object, queued: false, flushLogsImmediately: false} @ https://mailchimp.com/cdn/product/release/dist/js-src/73550.ab2c6c14344a6302.js:0
[  288195ms] [LOG] WebEvents: received_metadatapush_event_from_backend
: {"operation":"connectionInfo"} @ https://mailchimp.com/cdn/product/release/dist/js-src/73550.ab2c6c14344a6302.js:0
[  288195ms] [LOG] WebEvents: received_connectionId_on_connect {connectionInfo.connId: 1-6aba3d96-1a76f6b938cb13031fe04a78, connectionInfo.currentConnectionUUID: b1856d58-7ed3-4d9f-892d-610601d164b0} @ https://mailchimp.com/cdn/product/release/dist/js-src/73550.ab2c6c14344a6302.js:0
[  288195ms] [LOG] WebEvents: received_connectionId  {txId: 240ae5c2-5125-418d-a860-73aa71d39d28, connectionInfo.connId: 1-6aba3d96-1a76f6b938cb13031fe04a78, connectionInfo.currentConnectionUUID: b1856d58-7ed3-4d9f-892d-610601d164b0} @ https://mailchimp.com/cdn/product/release/dist/js-src/73550.ab2c6c14344a6302.js:0
[  288197ms] [LOG] WebEvents: subscribed_to_topic_on_backend
: {"topic":"conversation.management.intuit","target":"9411826025528801","response":"{\"subscribedTopics\":[\"conversation.management.intuit.9411826025528801\"],\"intuit_tid\":\"37decf8a-b273-4ecf-9b58-fb96d3009f26\",\"invalidTopics\":[],\"connectionId\":\"1-6aba3d96-1a76f6b938cb13031fe04a78\"}","txId":"37decf8a-b273-4ecf-9b58-fb96d3009f26","connectionInfo.connId":"1-6aba3d96-1a76f6b938cb13031fe04a78","connectionInfo.currentConnectionUUID":"b1856d58-7ed3-4d9f-892d-610601d164b0","critical":true} @ https://mailchimp.com/cdn/product/release/dist/js-src/73550.ab2c6c14344a6302.js:0
[  288198ms] [LOG] WebEvents: added_remote_topic {topic: conversation.management.intuit, target: 9411826025528801, options.resourceOwner: 9411826025528801, options.trackConnection: true, options.txId: 37decf8a-b273-4ecf-9b58-fb96d3009f26} @ https://mailchimp.com/cdn/product/release/dist/js-src/73550.ab2c6c14344a6302.js:0
[  288202ms] [LOG] CONVERSATION_HUB_LISTENING_TO: conversation.management.intuit:OWNER=UNKNOWN {msgProps: Object, appProps: null, context: Object, queued: false, flushLogsImmediately: false} @ https://mailchimp.com/cdn/product/release/dist/js-src/73550.ab2c6c14344a6302.js:0
[  290378ms] [LOG] FAB interactive state set {msgProps: Object, appProps: null, context: Object, queued: false, flushLogsImmediately: false} @ https://mailchimp.com/cdn/product/release/dist/js-src/73550.ab2c6c14344a6302.js:0
[  295506ms] [LOG] widget-request-start {msgProps: Object, appProps: null, context: Object, queued: false, flushLogsImmediately: false} @ https://mailchimp.com/cdn/product/release/dist/js-src/73550.ab2c6c14344a6302.js:0
[  295507ms] [LOG] widget-load-start {msgProps: Object, appProps: null, context: Object, queued: false, flushLogsImmediately: false} @ https://mailchimp.com/cdn/product/release/dist/js-src/73550.ab2c6c14344a6302.js:0
[  295556ms] [WARNING] Unsatisfied version 10.3.1--pr.2531.59 from ADKJSONP of shared singleton module @appfabric/web-shell-core/widgets/BaseWidget (required =9.43.1) @ https://mailchimp.com/cdn/product/release/dist/js-src/73550.ab2c6c14344a6302.js:0
[  295609ms] [LOG] widget-load-end {msgProps: Object, appProps: null, context: Object, queued: false, flushLogsImmediately: false} @ https://mailchimp.com/cdn/product/release/dist/js-src/73550.ab2c6c14344a6302.js:0
[  295618ms] [LOG] widget-mount {msgProps: Object, appProps: null, context: Object, queued: false, flushLogsImmediately: false} @ https://mailchimp.com/cdn/product/release/dist/js-src/73550.ab2c6c14344a6302.js:0
[  295620ms] [LOG] widget-first-display {msgProps: Object, appProps: null, context: Object, queued: false, flushLogsImmediately: false} @ https://mailchimp.com/cdn/product/release/dist/js-src/73550.ab2c6c14344a6302.js:0
[  295621ms] [LOG] widget-ready {msgProps: Object, appProps: null, context: Object, queued: false, flushLogsImmediately: false} @ https://mailchimp.com/cdn/product/release/dist/js-src/73550.ab2c6c14344a6302.js:0
[  295747ms] [LOG] SMARTLOOK_SUCCESSFULLY_FETCHED_ALL_FEATURE_FLAGS {msgProps: Object, appProps: null, context: Object, queued: false, flushLogsImmediately: false} @ https://mailchimp.com/cdn/product/release/dist/js-src/73550.ab2c6c14344a6302.js:0
[  295753ms] [LOG] widget-request-start {msgProps: Object, appProps: null, context: Object, queued: false, flushLogsImmediately: false} @ https://mailchimp.com/cdn/product/release/dist/js-src/73550.ab2c6c14344a6302.js:0
[  295755ms] [LOG] widget-load-start {msgProps: Object, appProps: null, context: Object, queued: false, flushLogsImmediately: false} @ https://mailchimp.com/cdn/product/release/dist/js-src/73550.ab2c6c14344a6302.js:0
[  295758ms] [LOG] widget-load-end {msgProps: Object, appProps: null, context: Object, queued: false, flushLogsImmediately: false} @ https://mailchimp.com/cdn/product/release/dist/js-src/73550.ab2c6c14344a6302.js:0
[  295805ms] [LOG] widget-mount {msgProps: Object, appProps: null, context: Object, queued: false, flushLogsImmediately: false} @ https://mailchimp.com/cdn/product/release/dist/js-src/73550.ab2c6c14344a6302.js:0
[  295807ms] [LOG] widget-first-display {msgProps: Object, appProps: null, context: Object, queued: false, flushLogsImmediately: false} @ https://mailchimp.com/cdn/product/release/dist/js-src/73550.ab2c6c14344a6302.js:0
[  295809ms] [LOG] widget-ready {msgProps: Object, appProps: null, context: Object, queued: false, flushLogsImmediately: false} @ https://mailchimp.com/cdn/product/release/dist/js-src/73550.ab2c6c14344a6302.js:0
[  295813ms] [LOG] widget-ready {msgProps: Object, appProps: null, context: Object, queued: false, flushLogsImmediately: false} @ https://mailchimp.com/cdn/product/release/dist/js-src/73550.ab2c6c14344a6302.js:0
[  295814ms] [LOG] widget-request-start {msgProps: Object, appProps: null, context: Object, queued: false, flushLogsImmediately: false} @ https://mailchimp.com/cdn/product/release/dist/js-src/73550.ab2c6c14344a6302.js:0
[  295815ms] [LOG] widget-load-start {msgProps: Object, appProps: null, context: Object, queued: false, flushLogsImmediately: false} @ https://mailchimp.com/cdn/product/release/dist/js-src/73550.ab2c6c14344a6302.js:0
[  295878ms] [LOG] widget-load-end {msgProps: Object, appProps: null, context: Object, queued: false, flushLogsImmediately: false} @ https://mailchimp.com/cdn/product/release/dist/js-src/73550.ab2c6c14344a6302.js:0
[  295882ms] [LOG] SMARTLOOK_CUSTOMER_COBROWSE_HOST_WIDGET_RENDERED {msgProps: Object, appProps: null, context: Object, queued: false, flushLogsImmediately: false} @ https://mailchimp.com/cdn/product/release/dist/js-src/73550.ab2c6c14344a6302.js:0
[  295885ms] [LOG] widget-mount {msgProps: Object, appProps: null, context: Object, queued: false, flushLogsImmediately: false} @ https://mailchimp.com/cdn/product/release/dist/js-src/73550.ab2c6c14344a6302.js:0
[  295886ms] [LOG] widget-first-display {msgProps: Object, appProps: null, context: Object, queued: false, flushLogsImmediately: false} @ https://mailchimp.com/cdn/product/release/dist/js-src/73550.ab2c6c14344a6302.js:0
[  295887ms] [LOG] widget-ready {msgProps: Object, appProps: null, context: Object, queued: false, flushLogsImmediately: false} @ https://mailchimp.com/cdn/product/release/dist/js-src/73550.ab2c6c14344a6302.js:0
[  295903ms] [LOG] widget-ready {msgProps: Object, appProps: null, context: Object, queued: false, flushLogsImmediately: false} @ https://mailchimp.com/cdn/product/release/dist/js-src/73550.ab2c6c14344a6302.js:0
[  295904ms] [LOG] widget-ready {msgProps: Object, appProps: null, context: Object, queued: false, flushLogsImmediately: false} @ https://mailchimp.com/cdn/product/release/dist/js-src/73550.ab2c6c14344a6302.js:0
[  295911ms] [LOG] SMARTLOOK_CUSTOMER_ZOOM_INIT_SDK {msgProps: Object, appProps: null, context: Object, queued: false, flushLogsImmediately: false} @ https://mailchimp.com/cdn/product/release/dist/js-src/73550.ab2c6c14344a6302.js:0
[  296078ms] [LOG] [42m%s[0m client-core: Topest iframe: https://us10.admin.mailchimp.com @ https://mailchimp.com/cdn/product/release/dist/js-src/73550.ab2c6c14344a6302.js:0
[  296282ms] [WARNING] getZmTrackingId failed, generate new zmTrackingId: 1b191543_3c18_4b9a_a991_4bf1619555a2 @ https://mailchimp.com/cdn/product/release/dist/js-src/73550.ab2c6c14344a6302.js:0
[  296484ms] [WARNING] [Laplace] reportUrl is not set, report will not be executed @ https://mailchimp.com/cdn/product/release/dist/js-src/73550.ab2c6c14344a6302.js:0
[  296798ms] [LOG] zmTrackingId 1b191543_3c18_4b9a_a991_4bf1619555a2 @ https://mailchimp.com/cdn/product/release/dist/js-src/73550.ab2c6c14344a6302.js:0
[  296798ms] [LOG] zmDeviceId 57845dfa_f942_4873_b648_5e4aaa086360 @ https://mailchimp.com/cdn/product/release/dist/js-src/73550.ab2c6c14344a6302.js:0
[  296815ms] [WARNING] react-i18next:: You will need to pass in an i18next instance by using initReactI18next @ https://mailchimp.com/cdn/product/release/dist/js-src/73550.ab2c6c14344a6302.js:0
[  296835ms] [LOG] SMARTLOOK_CUSTOMER_ZOOM_INIT_SUCCESS {msgProps: Object, appProps: null, context: Object, queued: false, flushLogsImmediately: false} @ https://mailchimp.com/cdn/product/release/dist/js-src/73550.ab2c6c14344a6302.js:0
[  301488ms] [WARNING] [Laplace] reportUrl is not set, report will not be executed @ https://mailchimp.com/cdn/product/release/dist/js-src/73550.ab2c6c14344a6302.js:0
[  306492ms] [WARNING] [Laplace] reportUrl is not set, report will not be executed @ https://mailchimp.com/cdn/product/release/dist/js-src/73550.ab2c6c14344a6302.js:0
[  311499ms] [WARNING] [Laplace] reportUrl is not set, report will not be executed @ https://mailchimp.com/cdn/product/release/dist/js-src/73550.ab2c6c14344a6302.js:0
[  316506ms] [WARNING] [Laplace] reportUrl is not set, report will not be executed @ https://mailchimp.com/cdn/product/release/dist/js-src/73550.ab2c6c14344a6302.js:0
[  321507ms] [WARNING] [Laplace] reportUrl is not set, report will not be executed @ https://mailchimp.com/cdn/product/release/dist/js-src/73550.ab2c6c14344a6302.js:0
[  326521ms] [WARNING] [Laplace] reportUrl is not set, report will not be executed @ https://mailchimp.com/cdn/product/release/dist/js-src/73550.ab2c6c14344a6302.js:0
[  331534ms] [WARNING] [Laplace] reportUrl is not set, report will not be executed @ https://mailchimp.com/cdn/product/release/dist/js-src/73550.ab2c6c14344a6302.js:0
[  336536ms] [WARNING] [Laplace] reportUrl is not set, report will not be executed @ https://mailchimp.com/cdn/product/release/dist/js-src/73550.ab2c6c14344a6302.js:0
[  341539ms] [WARNING] [Laplace] reportUrl is not set, report will not be executed @ https://mailchimp.com/cdn/product/release/dist/js-src/73550.ab2c6c14344a6302.js:0
[  346542ms] [WARNING] [Laplace] reportUrl is not set, report will not be executed @ https://mailchimp.com/cdn/product/release/dist/js-src/73550.ab2c6c14344a6302.js:0
[  351548ms] [WARNING] [Laplace] reportUrl is not set, report will not be executed @ https://mailchimp.com/cdn/product/release/dist/js-src/73550.ab2c6c14344a6302.js:0
[  356556ms] [WARNING] [Laplace] reportUrl is not set, report will not be executed @ https://mailchimp.com/cdn/product/release/dist/js-src/73550.ab2c6c14344a6302.js:0
[  361563ms] [WARNING] [Laplace] reportUrl is not set, report will not be executed @ https://mailchimp.com/cdn/product/release/dist/js-src/73550.ab2c6c14344a6302.js:0
[  366573ms] [WARNING] [Laplace] reportUrl is not set, report will not be executed @ https://mailchimp.com/cdn/product/release/dist/js-src/73550.ab2c6c14344a6302.js:0
[  371583ms] [WARNING] [Laplace] reportUrl is not set, report will not be executed @ https://mailchimp.com/cdn/product/release/dist/js-src/73550.ab2c6c14344a6302.js:0
[  376584ms] [WARNING] [Laplace] reportUrl is not set, report will not be executed @ https://mailchimp.com/cdn/product/release/dist/js-src/73550.ab2c6c14344a6302.js:0
[  381600ms] [WARNING] [Laplace] reportUrl is not set, report will not be executed @ https://mailchimp.com/cdn/product/release/dist/js-src/73550.ab2c6c14344a6302.js:0
[  386611ms] [WARNING] [Laplace] reportUrl is not set, report will not be executed @ https://mailchimp.com/cdn/product/release/dist/js-src/73550.ab2c6c14344a6302.js:0
[  391617ms] [WARNING] [Laplace] reportUrl is not set, report will not be executed @ https://mailchimp.com/cdn/product/release/dist/js-src/73550.ab2c6c14344a6302.js:0
[  396627ms] [WARNING] [Laplace] reportUrl is not set, report will not be executed @ https://mailchimp.com/cdn/product/release/dist/js-src/73550.ab2c6c14344a6302.js:0
[  401629ms] [WARNING] [Laplace] reportUrl is not set, report will not be executed @ https://mailchimp.com/cdn/product/release/dist/js-src/73550.ab2c6c14344a6302.js:0
[  406631ms] [WARNING] [Laplace] reportUrl is not set, report will not be executed @ https://mailchimp.com/cdn/product/release/dist/js-src/73550.ab2c6c14344a6302.js:0
[  411633ms] [WARNING] [Laplace] reportUrl is not set, report will not be executed @ https://mailchimp.com/cdn/product/release/dist/js-src/73550.ab2c6c14344a6302.js:0
[  416635ms] [WARNING] [Laplace] reportUrl is not set, report will not be executed @ https://mailchimp.com/cdn/product/release/dist/js-src/73550.ab2c6c14344a6302.js:0
